"","X","X600435.SS.Open","X600435.SS.High","X600435.SS.Low","X600435.SS.Close","X600435.SS.Volume","X600435.SS.Adjusted","X600435.SS.Close.1","X600436.SS.Open","X600436.SS.High","X600436.SS.Low","X600436.SS.Close","X600436.SS.Volume","X600436.SS.Adjusted","X600436.SS.Close.1","X600438.SS.Open","X600438.SS.High","X600438.SS.Low","X600438.SS.Close","X600438.SS.Volume","X600438.SS.Adjusted","X600438.SS.Close.1","X600439.SS.Open","X600439.SS.High","X600439.SS.Low","X600439.SS.Close","X600439.SS.Volume","X600439.SS.Adjusted","X600439.SS.Close.1","X600444.SS.Open","X600444.SS.High","X600444.SS.Low","X600444.SS.Close","X600444.SS.Volume","X600444.SS.Adjusted","X600444.SS.Close.1","X600446.SS.Open","X600446.SS.High","X600446.SS.Low","X600446.SS.Close","X600446.SS.Volume","X600446.SS.Adjusted","X600446.SS.Close.1","X600448.SS.Open","X600448.SS.High","X600448.SS.Low","X600448.SS.Close","X600448.SS.Volume","X600448.SS.Adjusted","X600448.SS.Close.1","X600449.SS.Open","X600449.SS.High","X600449.SS.Low","X600449.SS.Close","X600449.SS.Volume","X600449.SS.Adjusted","X600449.SS.Close.1","X600452.SS.Open","X600452.SS.High","X600452.SS.Low","X600452.SS.Close","X600452.SS.Volume","X600452.SS.Adjusted","X600452.SS.Close.1","X600456.SS.Open","X600456.SS.High","X600456.SS.Low","X600456.SS.Close","X600456.SS.Volume","X600456.SS.Adjusted","X600456.SS.Close.1","X600458.SS.Open","X600458.SS.High","X600458.SS.Low","X600458.SS.Close","X600458.SS.Volume","X600458.SS.Adjusted","X600458.SS.Close.1","X600459.SS.Open","X600459.SS.High","X600459.SS.Low","X600459.SS.Close","X600459.SS.Volume","X600459.SS.Adjusted","X600459.SS.Close.1","X600460.SS.Open","X600460.SS.High","X600460.SS.Low","X600460.SS.Close","X600460.SS.Volume","X600460.SS.Adjusted","X600460.SS.Close.1","X600461.SS.Open","X600461.SS.High","X600461.SS.Low","X600461.SS.Close","X600461.SS.Volume","X600461.SS.Adjusted","X600461.SS.Close.1","X600462.SS.Open","X600462.SS.High","X600462.SS.Low","X600462.SS.Close","X600462.SS.Volume","X600462.SS.Adjusted","X600462.SS.Close.1","X600463.SS.Open","X600463.SS.High","X600463.SS.Low","X600463.SS.Close","X600463.SS.Volume","X600463.SS.Adjusted","X600463.SS.Close.1","X600466.SS.Open","X600466.SS.High","X600466.SS.Low","X600466.SS.Close","X600466.SS.Volume","X600466.SS.Adjusted","X600466.SS.Close.1","X600468.SS.Open","X600468.SS.High","X600468.SS.Low","X600468.SS.Close","X600468.SS.Volume","X600468.SS.Adjusted","X600467.SS.Open","X600467.SS.High","X600467.SS.Low","X600467.SS.Close","X600467.SS.Volume","X600467.SS.Adjusted","X600467.SS.Close.1","X600468.SS.Close.1","X600469.SS.Open","X600469.SS.High","X600469.SS.Low","X600469.SS.Close","X600469.SS.Volume","X600469.SS.Adjusted","X600469.SS.Close.1","X600470.SS.Open","X600470.SS.High","X600470.SS.Low","X600470.SS.Close","X600470.SS.Volume","X600470.SS.Adjusted","X600470.SS.Close.1","X600475.SS.Open","X600475.SS.High","X600475.SS.Low","X600475.SS.Close","X600475.SS.Volume","X600475.SS.Adjusted","X600475.SS.Close.1","X600476.SS.Open","X600476.SS.High","X600476.SS.Low","X600476.SS.Close","X600476.SS.Volume","X600476.SS.Adjusted","X600476.SS.Close.1","X600477.SS.Open","X600477.SS.High","X600477.SS.Low","X600477.SS.Close","X600477.SS.Volume","X600477.SS.Adjusted","X600477.SS.Close.1"
"1",2018-03-06,10.3,10.41,10.24,10.36,13470181,10.33224,0.00682644709669589,NA,NA,NA,NA,NA,NA,NA,NA,NA,NA,NA,NA,NA,NA,NA,NA,NA,NA,NA,NA,NA,NA,NA,NA,NA,NA,NA,NA,NA,NA,NA,NA,NA,NA,NA,NA,NA,NA,NA,NA,NA,NA,11.85,12.12,11.63,12.11,11510815,10.960602,0.00117603321834603,NA,NA,NA,NA,NA,NA,NA,NA,NA,NA,NA,NA,NA,NA,NA,NA,NA,NA,NA,NA,NA,13.8744,14.126,13.7737,14.0613,5354306,13.81948,-0.0118077810175851,16.049999,16.690001,15.81,15.93,112243602,15.838402,-0.0304031458207752,NA,NA,NA,NA,NA,NA,NA,4.29,4.31,4.25,4.26,3782200,4.26,-0.00466745092913323,10.56,10.9,10.54,10.85,2185434,10.811337,0.00876316784259978,NA,NA,NA,NA,NA,NA,NA,NA,NA,NA,NA,NA,NA,NA,NA,NA,NA,NA,NA,NA,NA,NA,NA,NA,NA,NA,NA,NA,NA,NA,NA,NA,NA,NA,NA,NA,NA,NA,NA,NA,NA,NA,NA,NA,NA,NA,NA,NA,NA,NA,NA,NA,NA,NA,NA,NA
"2",2018-03-07,10.36,10.37,10.1,10.11,12703879,10.08291,-0.0173048270345783,NA,NA,NA,NA,NA,NA,NA,NA,NA,NA,NA,NA,NA,NA,NA,NA,NA,NA,NA,NA,NA,NA,NA,NA,NA,NA,NA,NA,NA,NA,NA,NA,NA,NA,NA,NA,NA,NA,NA,NA,NA,NA,12.04,12.09,11.89,11.9,7270768,10.770534,-0.0161650072440817,NA,NA,NA,NA,NA,NA,NA,NA,NA,NA,NA,NA,NA,NA,NA,NA,NA,NA,NA,NA,NA,13.975,14.0613,13.7881,13.8888,3888089,13.649945,-0.024075494529138,15.8,17.34,15.71,16.92,193454722,16.82271,0.0317437468345922,NA,NA,NA,NA,NA,NA,NA,4.26,4.27,4.16,4.19,6533580,4.19,-0.0210993758117622,11,11,10.7,10.73,1827400,10.691763,-0.00229673999150148,NA,NA,NA,NA,NA,NA,NA,NA,NA,NA,NA,NA,NA,NA,NA,NA,NA,NA,NA,NA,NA,NA,NA,NA,NA,NA,NA,NA,NA,NA,NA,NA,NA,NA,NA,NA,NA,NA,NA,NA,NA,NA,NA,NA,NA,NA,NA,NA,NA,NA,NA,NA,NA,NA,NA,NA
"3",2018-03-08,10.03,10.22,10.03,10.17,9317244,10.142749,-0.0113701089336881,NA,NA,NA,NA,NA,NA,NA,NA,NA,NA,NA,NA,NA,NA,NA,NA,NA,NA,NA,NA,NA,NA,NA,NA,NA,NA,NA,NA,NA,NA,NA,NA,NA,NA,NA,NA,NA,NA,NA,NA,NA,NA,11.86,12.03,11.75,12.02,7129432,10.879146,-0.00608097363063631,NA,NA,NA,NA,NA,NA,NA,NA,NA,NA,NA,NA,NA,NA,8.43,8.5,8.34,8.47,2945348,8.344488,0.0206594775031618,13.7737,14.0541,13.7737,13.8744,3088276,13.635794,-0.0251123011647005,16.620001,16.879999,16.41,16.75,102312637,16.653687,0.021696465510715,NA,NA,NA,NA,NA,NA,NA,4.2,4.26,4.17,4.2,8222205,4.2,-0.0187127409668936,10.71,11.15,10.61,11.09,4618103,11.050481,0.0312540521799802,NA,NA,NA,NA,NA,NA,NA,NA,NA,NA,NA,NA,NA,NA,NA,NA,NA,NA,NA,NA,NA,NA,NA,NA,NA,NA,NA,NA,NA,NA,NA,NA,NA,NA,NA,NA,NA,NA,NA,NA,NA,NA,NA,NA,NA,NA,NA,NA,NA,NA,NA,NA,NA,NA,NA,NA
"4",2018-03-09,10.22,10.47,10.15,10.39,18520111,10.36216,0.0102621427870594,NA,NA,NA,NA,NA,NA,NA,10.16,10.48,10.11,10.38,27369910,10.233957,-0.00968986760327528,NA,NA,NA,NA,NA,NA,NA,NA,NA,NA,NA,NA,NA,NA,NA,NA,NA,NA,NA,NA,NA,NA,NA,NA,NA,NA,NA,NA,12.07,12.09,11.86,12.04,7441518,10.897247,-0.004417080119821,16.989799,17.6122,16.801001,17.4949,2061643,17.203846,0.0523774061398867,NA,NA,NA,NA,NA,NA,NA,8.47,8.71,8.47,8.6,4988422,8.472562,0.0360077655787224,13.8025,14.0038,13.8025,13.975,4263133,13.734664,-0.0178615371676989,16.700001,17.34,16.700001,16.83,123853968,16.733227,0.0264725849137,NA,NA,NA,NA,NA,NA,NA,4.19,4.27,4.19,4.26,4482987,4.26,-0.00442702668117934,11.01,11.13,10.99,11.09,3348581,11.050481,0.0312540521799802,NA,NA,NA,NA,NA,NA,NA,NA,NA,NA,NA,NA,NA,NA,NA,NA,NA,NA,NA,NA,NA,NA,NA,NA,NA,NA,NA,NA,NA,NA,NA,NA,NA,NA,NA,NA,NA,NA,NA,NA,NA,NA,NA,NA,NA,NA,NA,NA,NA,NA,NA,NA,NA,NA,NA,NA
"5",2018-03-12,10.48,10.7,10.36,10.61,22996035,10.58157,0.0314363487543355,NA,NA,NA,NA,NA,NA,NA,10.38,10.95,10.38,10.63,34810067,10.48044,0.0143949108167634,6.1,6.17,6.03,6.12,33984794,5.97232,0.0262211740095957,NA,NA,NA,NA,NA,NA,NA,NA,NA,NA,NA,NA,NA,NA,NA,NA,NA,NA,NA,NA,NA,NA,NA,NA,NA,NA,NA,NA,NA,NA,NA,NA,NA,NA,NA,NA,NA,NA,NA,NA,NA,NA,NA,NA,NA,NA,NA,NA,NA,NA,NA,NA,NA,NA,NA,NA,NA,NA,NA,NA,NA,NA,NA,NA,NA,NA,NA,NA,NA,NA,NA,NA,NA,NA,NA,NA,NA,NA,NA,NA,NA,NA,NA,NA,NA,NA,NA,NA,NA,NA,NA,NA,NA,NA,NA,NA,NA,NA,NA,NA,NA,NA,NA,NA,NA,NA,NA,NA,NA,NA,NA,NA,NA,NA,NA,NA,NA,NA,NA,NA,NA,NA,NA,NA,NA,NA,NA,NA,NA,NA,NA,NA,NA,NA,NA,NA,NA,NA,NA,NA
"6",2018-03-12,10.48,10.7,10.36,10.61,22996035,10.58157,0.0314363487543355,NA,NA,NA,NA,NA,NA,NA,10.38,10.95,10.38,10.63,34810067,10.48044,0.0143949108167634,NA,NA,NA,NA,NA,NA,NA,NA,NA,NA,NA,NA,NA,NA,NA,NA,NA,NA,NA,NA,NA,NA,NA,NA,NA,NA,NA,NA,12.05,12.43,12.05,12.42,14681942,11.241179,0.0271443816741991,17.6429,17.653099,17.25,17.5306,1033566,17.238953,0.0544180008274813,NA,NA,NA,NA,NA,NA,NA,8.62,8.77,8.57,8.63,3972526,8.502117,0.0394961376717459,14.0325,14.3417,14.0038,14.2841,7369815,14.038447,0.00425653081083421,16.91,17.32,16.68,17.24,124597506,17.140869,0.0508338445690772,NA,NA,NA,NA,NA,NA,NA,4.34,4.44,4.3,4.4,8537460,4.4,0.0284368230840789,11.07,11.22,11.01,11.16,2486299,11.120232,0.0375660449662742,7.58571,7.61428,7.21428,7.32857,60232561,6.962125,0.0485920855584945,NA,NA,NA,NA,NA,NA,NA,NA,NA,NA,NA,NA,NA,NA,NA,NA,NA,NA,NA,NA,NA,NA,NA,NA,NA,NA,NA,NA,NA,NA,NA,NA,NA,NA,NA,NA,NA,NA,NA,NA,NA,NA,NA,NA,NA,NA,NA,NA,NA
"7",2018-03-13,10.58,10.6,10.33,10.35,15482793,10.322268,0.00693116496545709,NA,NA,NA,NA,NA,NA,NA,10.61,10.9,10.44,10.47,21743890,10.322691,-0.000656829540715442,NA,NA,NA,NA,NA,NA,NA,NA,NA,NA,NA,NA,NA,NA,NA,NA,NA,NA,NA,NA,NA,NA,NA,NA,NA,NA,NA,NA,12.45,12.57,12.32,12.51,13457362,11.322637,0.0343907584857933,17.5,17.5,17.301001,17.3265,688402,17.038248,0.0427755014264339,NA,NA,NA,NA,NA,NA,NA,8.69,8.73,8.61,8.63,3520700,8.502117,0.0394961376717459,14.2338,14.8449,14.0972,14.7298,12985165,14.476483,0.0354590566962592,17.1,17.290001,16.68,16.700001,97175863,16.603973,0.0195113967732536,6.26,6.26,6.2,6.2,1522900,6.032963,-0.0029980364490324,4.39,4.41,4.34,4.4,5714121,4.4,0.0284368230840789,11.18,11.38,11.03,11.34,3883881,11.29959,0.0536950772243387,7.27857,7.36428,7.2,7.21428,28206544,6.85355,0.0329969558128551,NA,NA,NA,NA,NA,NA,NA,NA,NA,NA,NA,NA,NA,NA,5.28,5.73,5.22,5.46,13212728,5.383136,0.025862832402489,NA,NA,NA,NA,NA,NA,NA,NA,NA,NA,NA,NA,NA,NA,NA,NA,NA,NA,NA,NA,NA,NA,NA,NA,NA,NA,NA,NA
"8",2018-03-13,10.58,10.6,10.33,10.35,15482793,10.322268,0.00693116496545709,NA,NA,NA,NA,NA,NA,NA,10.61,10.9,10.44,10.47,21743890,10.322691,-0.000656829540715442,6.08,6.1,5.95,5.96,25452466,5.81618,7.73831599224506e-05,NA,NA,NA,NA,NA,NA,NA,NA,NA,NA,NA,NA,NA,NA,NA,NA,NA,NA,NA,NA,NA,NA,NA,NA,NA,NA,NA,NA,NA,NA,NA,NA,NA,NA,NA,NA,NA,NA,NA,NA,NA,NA,NA,NA,NA,NA,NA,NA,NA,NA,NA,NA,NA,NA,NA,NA,NA,NA,NA,NA,NA,NA,NA,NA,NA,NA,NA,NA,NA,NA,NA,NA,NA,NA,NA,NA,NA,NA,NA,NA,NA,NA,NA,NA,NA,NA,NA,NA,NA,NA,NA,NA,NA,NA,NA,NA,NA,NA,NA,NA,NA,NA,NA,NA,NA,NA,NA,NA,NA,NA,NA,NA,NA,NA,NA,NA,NA,NA,NA,NA,NA,NA,NA,NA,NA,NA,NA,NA,NA,NA,NA,NA,NA,NA,NA,NA,NA,NA,NA,NA
"9",2018-03-14,10.38,10.39,10.15,10.17,11423261,10.142749,-0.010460139382369,NA,NA,NA,NA,NA,NA,NA,10.39,10.52,10.29,10.42,16845662,10.273395,-0.00543237872887214,5.96,6.18,5.93,6.14,36384489,5.991837,0.0302787254418017,NA,NA,NA,NA,NA,NA,NA,NA,NA,NA,NA,NA,NA,NA,NA,NA,NA,NA,NA,NA,NA,NA,NA,NA,NA,NA,NA,NA,NA,NA,NA,NA,NA,NA,NA,NA,NA,NA,NA,NA,NA,NA,NA,NA,NA,NA,NA,NA,NA,NA,NA,NA,NA,NA,NA,NA,NA,NA,NA,NA,NA,NA,NA,NA,NA,NA,NA,NA,NA,NA,NA,NA,NA,NA,NA,NA,NA,NA,NA,NA,NA,NA,NA,NA,NA,NA,NA,NA,NA,NA,NA,NA,NA,NA,NA,NA,NA,NA,NA,NA,NA,NA,NA,NA,NA,NA,NA,NA,NA,NA,NA,NA,NA,NA,NA,NA,NA,NA,NA,NA,NA,NA,NA,NA,NA,NA,NA,NA,NA,NA,NA,NA,NA,NA,NA,NA,NA,NA,NA,NA
"10",2018-03-14,10.38,10.39,10.15,10.17,11423261,10.142749,-0.010460139382369,NA,NA,NA,NA,NA,NA,NA,10.39,10.52,10.29,10.42,16845662,10.273395,-0.00543237872887214,NA,NA,NA,NA,NA,NA,NA,NA,NA,NA,NA,NA,NA,NA,NA,NA,NA,NA,NA,NA,NA,NA,NA,NA,NA,NA,NA,NA,12.52,12.95,12.34,12.81,22711871,11.594164,0.0583715738335152,17.316299,17.398001,17.1224,17.1224,945580,16.837545,0.0309958575283588,NA,NA,NA,NA,NA,NA,NA,8.62,8.68,8.41,8.44,3393400,8.314932,0.0174799151920239,14.5429,14.658,14.2482,14.3704,9503873,14.123264,0.0110595400701,16.559999,16.790001,15.92,16.030001,106537871,15.937827,-0.0206083613034077,6.2,6.2,6.14,6.15,1533321,5.984311,-0.0110625525780647,4.36,4.67,4.35,4.54,10372400,4.54,0.0602550049022607,10.96,10.99,10.59,10.7,5812239,10.66187,-0.00274231254638435,7.14286,7.37143,7.13571,7.24286,26496184,6.880701,0.0369585431091619,NA,NA,NA,NA,NA,NA,NA,NA,NA,NA,NA,NA,NA,NA,5.48,5.48,5.28,5.34,5507930,5.264825,0.00388481042446698,NA,NA,NA,NA,NA,NA,NA,NA,NA,NA,NA,NA,NA,NA,NA,NA,NA,NA,NA,NA,NA,NA,NA,NA,NA,NA,NA,NA
"11",2018-03-15,10.13,10.48,10.13,10.31,17956188,10.282374,0.00330583898537939,NA,NA,NA,NA,NA,NA,NA,10.42,10.42,10.1,10.23,19050176,10.086067,-0.0236665437960506,6.09,6.16,6.02,6.05,15233592,5.904009,0.0156207449857756,NA,NA,NA,NA,NA,NA,NA,NA,NA,NA,NA,NA,NA,NA,NA,NA,NA,NA,NA,NA,NA,NA,NA,NA,NA,NA,NA,NA,NA,NA,NA,NA,NA,NA,NA,NA,NA,NA,NA,NA,NA,NA,NA,NA,NA,NA,NA,NA,NA,NA,NA,NA,NA,NA,NA,NA,NA,NA,NA,NA,NA,NA,NA,NA,NA,NA,NA,NA,NA,NA,NA,NA,NA,NA,NA,NA,NA,NA,NA,NA,NA,NA,NA,NA,NA,NA,NA,NA,NA,NA,NA,NA,NA,NA,NA,NA,NA,NA,NA,NA,NA,NA,NA,NA,NA,NA,NA,NA,NA,NA,NA,NA,NA,NA,NA,NA,NA,NA,NA,NA,NA,NA,NA,NA,NA,NA,NA,NA,NA,NA,NA,NA,NA,NA,NA,NA,NA,NA,NA,NA
"12",2018-03-15,10.13,10.48,10.13,10.31,17956188,10.282374,0.00330583898537939,NA,NA,NA,NA,NA,NA,NA,10.42,10.42,10.1,10.23,19050176,10.086067,-0.0236665437960506,NA,NA,NA,NA,NA,NA,NA,NA,NA,NA,NA,NA,NA,NA,NA,NA,NA,NA,NA,NA,NA,NA,NA,NA,NA,NA,NA,NA,12.73,12.85,12.51,12.63,13693758,11.431248,0.0443200515852716,17.1429,17.398001,16.8929,16.9133,1038484,16.631922,0.0187837844544907,NA,NA,NA,NA,NA,NA,NA,8.42,8.58,8.4,8.51,3283720,8.383896,0.0257737540545832,14.241,14.6148,14.1188,14.3273,7466328,14.080904,0.00806031944993624,16.120001,16.379999,15.88,16.290001,81224674,16.196333,-0.00438877404324456,6.14,6.16,6.1,6.14,2110435,5.97458,-0.0126885688382273,4.51,4.75,4.42,4.7,15468422,4.7,0.0954972956511594,10.55,10.57,10.11,10.26,3684656,10.223439,-0.0438638078734871,7.23571,7.30714,7.00714,7.03571,26327418,6.683909,0.00835796267546574,NA,NA,NA,NA,NA,NA,NA,NA,NA,NA,NA,NA,NA,NA,5.36,5.38,5.25,5.3,4028900,5.225389,-0.00360582627965289,NA,NA,NA,NA,NA,NA,NA,NA,NA,NA,NA,NA,NA,NA,NA,NA,NA,NA,NA,NA,NA,NA,NA,NA,NA,NA,NA,NA
"13",2018-03-16,10.26,10.38,10.14,10.18,10558304,10.152722,-0.00930327837640532,NA,NA,NA,NA,NA,NA,NA,10.16,10.28,10.04,10.05,16688930,9.908601,-0.0412618517139391,NA,NA,NA,NA,NA,NA,NA,NA,NA,NA,NA,NA,NA,NA,NA,NA,NA,NA,NA,NA,NA,NA,NA,NA,NA,NA,NA,NA,12.7,12.86,12.55,12.57,10798232,11.376942,0.0395694577610436,16.8878,17.1429,16.734699,16.8571,578472,16.576658,0.0154609556747729,NA,NA,NA,NA,NA,NA,NA,8.54,8.62,8.45,8.45,2563893,8.324784,0.0187232252649239,14.3273,14.3345,14.0685,14.1044,3910349,13.861837,-0.00749739205188193,16.18,16.290001,15.78,16.01,67561982,15.917942,-0.0215772935528504,6.13,6.19,6.12,6.18,1281575,6.013502,-0.0061739108577713,4.7,4.7,4.7,4.7,0,4.7,0.0954972956511594,10.28,10.4,10.25,10.27,1649601,10.233403,-0.0428891490040914,7.02143,7.4,7.02143,7.34286,49136532,6.975701,0.0520138268313222,NA,NA,NA,NA,NA,NA,NA,NA,NA,NA,NA,NA,NA,NA,5.35,5.48,5.3,5.34,4246900,5.264825,0.00394134353166786,NA,NA,NA,NA,NA,NA,NA,NA,NA,NA,NA,NA,NA,NA,NA,NA,NA,NA,NA,NA,NA,NA,NA,NA,NA,NA,NA,NA
"14",2018-03-16,10.26,10.38,10.14,10.18,10558304,10.152722,-0.00930327837640532,NA,NA,NA,NA,NA,NA,NA,10.16,10.28,10.04,10.05,16688930,9.908601,-0.0412618517139391,6.05,6.1,5.98,6.03,13785321,5.884491,0.0123149598618087,NA,NA,NA,NA,NA,NA,NA,NA,NA,NA,NA,NA,NA,NA,NA,NA,NA,NA,NA,NA,NA,NA,NA,NA,NA,NA,NA,NA,NA,NA,NA,NA,NA,NA,NA,NA,NA,NA,NA,NA,NA,NA,NA,NA,NA,NA,NA,NA,NA,NA,NA,NA,NA,NA,NA,NA,NA,NA,NA,NA,NA,NA,NA,NA,NA,NA,NA,NA,NA,NA,NA,NA,NA,NA,NA,NA,NA,NA,NA,NA,NA,NA,NA,NA,NA,NA,NA,NA,NA,NA,NA,NA,NA,NA,NA,NA,NA,NA,NA,NA,NA,NA,NA,NA,NA,NA,NA,NA,NA,NA,NA,NA,NA,NA,NA,NA,NA,NA,NA,NA,NA,NA,NA,NA,NA,NA,NA,NA,NA,NA,NA,NA,NA,NA,NA,NA,NA,NA,NA,NA
"15",2018-03-19,10.22,10.36,10.21,10.27,8943791,10.242482,-0.000462413936326733,NA,NA,NA,NA,NA,NA,NA,10.07,10.16,9.86,10.04,14121593,9.898741,-0.0422568765895612,6.01,6.01,5.81,5.83,14616764,5.689317,-0.0208525359922543,NA,NA,NA,NA,NA,NA,NA,NA,NA,NA,NA,NA,NA,NA,NA,NA,NA,NA,NA,NA,NA,NA,NA,NA,NA,NA,NA,NA,NA,NA,NA,NA,NA,NA,NA,NA,NA,NA,NA,NA,NA,NA,NA,NA,NA,NA,NA,NA,NA,NA,NA,NA,NA,NA,NA,NA,NA,NA,NA,NA,NA,NA,NA,NA,NA,NA,NA,NA,NA,NA,NA,NA,NA,NA,NA,NA,NA,NA,NA,NA,NA,NA,NA,NA,NA,NA,NA,NA,NA,NA,NA,NA,NA,NA,NA,NA,NA,NA,NA,NA,NA,NA,NA,NA,NA,NA,NA,NA,NA,NA,NA,NA,NA,NA,NA,NA,NA,NA,NA,NA,NA,NA,NA,NA,NA,NA,NA,NA,NA,NA,NA,NA,NA,NA,NA,NA,NA,NA,NA,NA
"16",2018-03-19,10.22,10.36,10.21,10.27,8943791,10.242482,-0.000462413936326733,NA,NA,NA,NA,NA,NA,NA,10.07,10.16,9.86,10.04,14121593,9.898741,-0.0422568765895612,NA,NA,NA,NA,NA,NA,NA,NA,NA,NA,NA,NA,NA,NA,NA,NA,NA,NA,NA,NA,NA,NA,NA,NA,NA,NA,NA,NA,12.48,12.48,12.16,12.29,9448922,11.123518,0.0172941992089353,16.724501,17.091801,16.7092,17,554895,16.717182,0.0239380958708921,NA,NA,NA,NA,NA,NA,NA,8.46,8.59,8.43,8.54,2243100,8.413451,0.0293741128388882,14.1044,14.1188,13.7881,13.9678,3552627,13.727587,-0.0171823130694367,15.85,16.469999,15.8,15.9,84832634,15.808573,-0.0284479993617199,6.16,6.27,6.15,6.24,2157492,6.071886,0.00353482700630636,4.7,4.7,4.7,4.7,0,4.7,0.0954972956511594,10.3,10.42,10.18,10.37,1476826,10.333046,-0.0331520506593982,7.38571,7.38571,7.09286,7.26429,31040513,6.90106,0.0413136364422911,NA,NA,NA,NA,NA,NA,NA,NA,NA,NA,NA,NA,NA,NA,5.17,5.3,5.15,5.2,4346828,5.126796,-0.0222758849327516,NA,NA,NA,NA,NA,NA,NA,NA,NA,NA,NA,NA,NA,NA,NA,NA,NA,NA,NA,NA,NA,NA,NA,NA,NA,NA,NA,NA
"17",2018-03-20,10.17,10.5,10.02,10.35,15355818,10.322268,0.0073272647394278,NA,NA,NA,NA,NA,NA,NA,9.97,10.15,9.86,10.12,16234109,9.977615,-0.0342887490995214,NA,NA,NA,NA,NA,NA,NA,NA,NA,NA,NA,NA,NA,NA,NA,NA,NA,NA,NA,NA,NA,NA,NA,NA,NA,NA,NA,NA,12.19,12.44,12.08,12.39,7949465,11.214026,0.0254308957101559,16.989799,17.3622,16.908199,17.0408,942305,16.757301,0.0263380958708921,NA,NA,NA,NA,NA,NA,NA,8.52,8.65,8.36,8.64,3424830,8.51197,0.0410837147124248,13.8456,14.0038,13.8025,13.975,2519336,13.734664,-0.016666841771165,15.59,15.83,15.32,15.73,69406511,15.639551,-0.039139823261091,6.22,6.23,6.17,6.23,1481625,6.062155,0.00193226290374227,6.25,6.25,5.8,5.96,108862998,5.96,0.363582402034138,10.29,10.35,10.15,10.33,2077748,10.293188,-0.037009331276563,7.15,7.25,7.08571,7.13571,23951904,6.778909,0.0236133518996862,NA,NA,NA,NA,NA,NA,NA,NA,NA,NA,NA,NA,NA,NA,5.14,5.2,5.08,5.19,3372790,5.116937,-0.0241989618558285,5.41,5.53,5.4,5.52,6500529,5.52,0.0187625223686674,NA,NA,NA,NA,NA,NA,NA,NA,NA,NA,NA,NA,NA,NA,NA,NA,NA,NA,NA,NA,NA
"18",2018-03-20,10.17,10.5,10.02,10.35,15355818,10.322268,0.0073272647394278,NA,NA,NA,NA,NA,NA,NA,9.97,10.15,9.86,10.12,16234109,9.977615,-0.0342887490995214,5.79,5.79,5.55,5.76,19810466,5.621006,-0.0328593970557193,NA,NA,NA,NA,NA,NA,NA,NA,NA,NA,NA,NA,NA,NA,NA,NA,NA,NA,NA,NA,NA,NA,NA,NA,NA,NA,NA,NA,NA,NA,NA,NA,NA,NA,NA,NA,NA,NA,NA,NA,NA,NA,NA,NA,NA,NA,NA,NA,NA,NA,NA,NA,NA,NA,NA,NA,NA,NA,NA,NA,NA,NA,NA,NA,NA,NA,NA,NA,NA,NA,NA,NA,NA,NA,NA,NA,NA,NA,NA,NA,NA,NA,NA,NA,NA,NA,NA,NA,NA,NA,NA,NA,NA,NA,NA,NA,NA,NA,NA,NA,NA,NA,NA,NA,NA,NA,NA,NA,NA,NA,NA,NA,NA,NA,NA,NA,NA,NA,NA,NA,NA,NA,NA,NA,NA,NA,NA,NA,NA,NA,NA,NA,NA,NA,NA,NA,NA,NA,NA,NA
"19",2018-03-21,10.36,10.7,10.29,10.48,33507470,10.451918,0.0198876512128578,NA,NA,NA,NA,NA,NA,NA,10.24,11.13,10.2,10.88,78108715,10.726923,0.0408100651297278,5.71,5.91,5.68,5.87,18370045,5.728352,-0.013762174833497,NA,NA,NA,NA,NA,NA,NA,NA,NA,NA,NA,NA,NA,NA,NA,NA,NA,NA,NA,NA,NA,NA,NA,NA,NA,NA,NA,NA,NA,NA,NA,NA,NA,NA,NA,NA,NA,NA,NA,NA,NA,NA,NA,NA,NA,NA,NA,NA,NA,NA,NA,NA,NA,NA,NA,NA,NA,NA,NA,NA,NA,NA,NA,NA,NA,NA,NA,NA,NA,NA,NA,NA,NA,NA,NA,NA,NA,NA,NA,NA,NA,NA,NA,NA,NA,NA,NA,NA,NA,NA,NA,NA,NA,NA,NA,NA,NA,NA,NA,NA,NA,NA,NA,NA,NA,NA,NA,NA,NA,NA,NA,NA,NA,NA,NA,NA,NA,NA,NA,NA,NA,NA,NA,NA,NA,NA,NA,NA,NA,NA,NA,NA,NA,NA,NA,NA,NA,NA,NA,NA
"20",2018-03-21,10.36,10.7,10.29,10.48,33507470,10.451918,0.0198876512128578,NA,NA,NA,NA,NA,NA,NA,10.24,11.13,10.2,10.88,78108715,10.726923,0.0408100651297278,NA,NA,NA,NA,NA,NA,NA,NA,NA,NA,NA,NA,NA,NA,NA,NA,NA,NA,NA,NA,NA,NA,NA,NA,NA,NA,NA,NA,12.4,12.64,12.14,12.24,10368681,11.078264,0.0133243581798895,17.0408,17.2959,17.015301,17.193899,902632,16.907854,0.0353223571731782,NA,NA,NA,NA,NA,NA,NA,8.6,8.76,8.52,8.53,4081078,8.403599,0.0283522332309432,13.9966,14.1979,13.8816,14.011,3917218,13.770044,-0.0140908131486247,15.84,16.15,15.61,15.69,72751845,15.599781,-0.0416827348949118,6.23,6.5,6.21,6.3,7322746,6.13027,0.0131682179599218,5.79,6.56,5.73,6.56,119455795,6.56,0.464253542973735,10.33,10.83,10.33,10.59,5160409,10.552263,-0.0118399217896318,7.12857,7.22857,6.95,7.08571,34846987,6.731409,0.0166063406842639,NA,NA,NA,NA,NA,NA,NA,NA,NA,NA,NA,NA,NA,NA,5.23,5.24,5.13,5.14,3019280,5.067641,-0.033832873223844,5.5,5.62,5.43,5.44,7115595,5.44,0.00426976874547913,NA,NA,NA,NA,NA,NA,NA,NA,NA,NA,NA,NA,NA,NA,NA,NA,NA,NA,NA,NA,NA
"21",2018-03-22,10.46,10.56,10.25,10.39,18002741,10.36216,0.0112998649533159,NA,NA,NA,NA,NA,NA,NA,11.08,11.17,10.61,10.76,37478508,10.608611,0.0297806533650219,5.82,5.98,5.82,5.97,15138032,5.825939,0.00327360029427137,NA,NA,NA,NA,NA,NA,NA,NA,NA,NA,NA,NA,NA,NA,NA,NA,NA,NA,NA,NA,NA,NA,NA,NA,NA,NA,NA,NA,NA,NA,NA,NA,NA,NA,NA,NA,NA,NA,NA,NA,NA,NA,NA,NA,NA,NA,NA,NA,NA,NA,NA,NA,NA,NA,NA,NA,NA,NA,NA,NA,NA,NA,NA,NA,NA,NA,NA,NA,NA,NA,NA,NA,NA,NA,NA,NA,NA,NA,NA,NA,NA,NA,NA,NA,NA,NA,NA,NA,NA,NA,NA,NA,NA,NA,NA,NA,NA,NA,NA,NA,NA,NA,NA,NA,NA,NA,NA,NA,NA,NA,NA,NA,NA,NA,NA,NA,NA,NA,NA,NA,NA,NA,NA,NA,NA,NA,NA,NA,NA,NA,NA,NA,NA,NA,NA,NA,NA,NA,NA,NA
"22",2018-03-22,10.46,10.56,10.25,10.39,18002741,10.36216,0.0112998649533159,NA,NA,NA,NA,NA,NA,NA,11.08,11.17,10.61,10.76,37478508,10.608611,0.0297806533650219,NA,NA,NA,NA,NA,NA,NA,NA,NA,NA,NA,NA,NA,NA,NA,NA,NA,NA,NA,NA,NA,NA,NA,NA,NA,NA,NA,NA,12.24,12.47,12.2,12.23,9130962,11.069212,0.0125073647158372,17.193899,18.2041,17.0765,17.775499,2240183,17.479778,0.0691483090413381,NA,NA,NA,NA,NA,NA,NA,8.5,8.62,8.43,8.56,3183830,8.433154,0.0318692320586103,14.011,14.011,13.2777,13.2849,10241994,13.056431,-0.0659143803458269,15.8,16.02,15.37,15.59,63818394,15.500357,-0.0480562211919162,6.27,6.32,6.21,6.25,3066001,6.081616,0.00523171002341394,6.39,6.56,5.95,6,99064768,6,0.378887689315199,10.49,10.87,10.48,10.8,4649900,10.761515,0.00799010653898014,7.01429,7.06428,6.78571,6.97143,26663749,6.622843,0.000478105122831085,4.35714,4.51429,4.31428,4.45714,5021641,4.434371,NA,NA,NA,NA,NA,NA,NA,0.140854804247487,5.14,5.28,5.11,5.22,3229221,5.146514,-0.0182686708892137,5.46,5.49,5.38,5.44,5100185,5.44,0.00426976874547913,NA,NA,NA,NA,NA,NA,NA,NA,NA,NA,NA,NA,NA,NA,NA,NA,NA,NA,NA,NA,NA
"23",2018-03-23,10.01,10.28,9.56,9.76,27791776,9.733848,-0.0493353612257025,NA,NA,NA,NA,NA,NA,NA,10.45,10.64,9.99,10.29,37757528,10.145224,-0.0138996440327477,5.89,5.89,5.54,5.78,18793047,5.640524,-0.0285521953506197,NA,NA,NA,NA,NA,NA,NA,NA,NA,NA,NA,NA,NA,NA,NA,NA,NA,NA,NA,NA,NA,NA,NA,NA,NA,NA,NA,NA,NA,NA,NA,NA,NA,NA,NA,NA,NA,NA,NA,NA,NA,NA,NA,NA,NA,NA,NA,NA,NA,NA,NA,NA,NA,NA,NA,NA,NA,NA,NA,NA,NA,NA,NA,NA,NA,NA,NA,NA,NA,NA,NA,NA,NA,NA,NA,NA,NA,NA,NA,NA,NA,NA,NA,NA,NA,NA,NA,NA,NA,NA,NA,NA,NA,NA,NA,NA,NA,NA,NA,NA,NA,NA,NA,NA,NA,NA,NA,NA,NA,NA,NA,NA,NA,NA,NA,NA,NA,NA,NA,NA,NA,NA,NA,NA,NA,NA,NA,NA,NA,NA,NA,NA,NA,NA,NA,NA,NA,NA,NA,NA
"24",2018-03-23,10.01,10.28,9.56,9.76,27791776,9.733848,-0.0493353612257025,NA,NA,NA,NA,NA,NA,NA,10.45,10.64,9.99,10.29,37757528,10.145224,-0.0138996440327477,NA,NA,NA,NA,NA,NA,NA,NA,NA,NA,NA,NA,NA,NA,NA,NA,NA,NA,NA,NA,NA,NA,NA,NA,NA,NA,NA,NA,11.65,11.86,11.02,11.21,14978101,10.146024,-0.0708941070748413,17.3622,17.7041,16.6122,16.8265,2245736,16.546568,0.0157602719460082,NA,NA,NA,NA,NA,NA,NA,8.36,8.36,7.81,7.91,6880666,7.792786,-0.0440653473806422,12.7673,12.8536,12.1706,12.4294,9094638,12.215645,-0.130310800341461,14.8,15.21,14.03,14.03,92514963,13.949327,-0.148120364873764,6.19,6.23,6,6.05,5500164,5.887005,-0.0267682899765861,5.5,5.69,5.4,5.4,63365861,5.4,0.278887689315199,10.47,10.6,9.83,10.16,3233401,10.123795,-0.0512691527202792,6.57143,7,6.57143,6.97143,47889241,6.622843,0.000478105122831085,4.35714,4.42143,4.14286,4.27857,6796867,4.256714,NA,NA,NA,NA,NA,NA,NA,0.100790996514277,5.07,5.07,4.7,4.7,6277667,4.633835,-0.117885529126762,5.33,5.36,5.07,5.12,8851450,5.12,-0.0545537606662856,NA,NA,NA,NA,NA,NA,NA,NA,NA,NA,NA,NA,NA,NA,5.45513,5.58974,5.26282,5.30128,28556344,4.93475,-0.0903894672241663
"25",2018-03-26,9.77,10.74,9.77,10.74,66203845,10.711222,0.0510744748398714,83,86.93,82.129997,86.32,7956811,85.543037,0.171693959535183,10.08,10.49,10.02,10.4,31272621,10.253675,-0.00320965375092053,NA,NA,NA,NA,NA,NA,NA,NA,NA,NA,NA,NA,NA,NA,NA,NA,NA,NA,NA,NA,NA,NA,NA,NA,NA,NA,NA,NA,11,11.35,10.87,11.26,7570754,10.191278,-0.066433803774217,16.658199,17.1224,16.3316,17.0459,1186066,16.762318,0.028799228354055,NA,NA,NA,NA,NA,NA,NA,7.85,7.94,7.6,7.93,4242724,7.81249,-0.0415369023743212,12.221,12.7242,12.1634,12.6738,4419394,12.455841,-0.110647743395832,13.68,15.11,13.68,15.02,88100170,14.933635,-0.077557285757584,6,6.12,5.97,6.12,2648505,5.955119,-0.0151980420427017,5.08,5.33,5.02,5.26,40335783,5.26,0.252961763389273,10.03,10.39,9.8,10.29,1952306,10.253331,-0.0384738771297281,6.80714,6.93571,6.57143,6.7,32315581,6.364985,-0.0384565180463035,4.19286,4.4,4.18571,4.32143,4981215,4.299355,NA,NA,NA,NA,NA,NA,NA,0.110808362129424,4.65,4.79,4.54,4.78,2936544,4.712709,-0.100864252531017,5.09,5.21,5.02,5.2,4927789,5.2,-0.0389287606662856,NA,NA,NA,NA,NA,NA,NA,13.98,14.69,13.3,14.65,3130255,14.65,0.0712012257587332,5.24359,5.44231,5.19872,5.42308,18493653,5.048128,-0.0674138839688017
"26",2018-03-26,9.77,10.74,9.77,10.74,66203845,10.711222,0.0510744748398714,83,86.93,82.129997,86.32,7956811,85.543037,0.171693959535183,10.08,10.49,10.02,10.4,31272621,10.253675,-0.00320965375092053,5.68,5.92,5.54,5.86,13022702,5.718594,-0.0147113649007927,NA,NA,NA,NA,NA,NA,NA,NA,NA,NA,NA,NA,NA,NA,NA,NA,NA,NA,NA,NA,NA,NA,NA,NA,NA,NA,NA,NA,NA,NA,NA,NA,NA,NA,NA,NA,NA,NA,NA,NA,NA,NA,NA,NA,NA,NA,NA,NA,NA,NA,NA,NA,NA,NA,NA,NA,NA,NA,NA,NA,NA,NA,NA,NA,NA,NA,NA,NA,NA,NA,NA,NA,NA,NA,NA,NA,NA,NA,NA,NA,NA,NA,NA,NA,NA,NA,NA,NA,NA,NA,NA,NA,NA,NA,NA,NA,NA,NA,NA,NA,NA,NA,NA,NA,NA,NA,NA,NA,NA,NA,NA,NA,NA,NA,NA,NA,NA,NA,NA,NA,NA,NA,NA,NA,NA,NA,NA,NA,NA,NA,NA,NA,NA,NA,NA,NA,NA,NA,NA,NA
"27",2018-03-27,10.82,11.05,10.6,11,76105911,10.970525,0.0752830409478787,86.620003,88.550003,84.959999,85.769997,7740622,84.997978,0.165322284372996,10.55,10.74,10.43,10.68,30257595,10.529737,0.0237134231721563,NA,NA,NA,NA,NA,NA,NA,NA,NA,NA,NA,NA,NA,NA,NA,NA,NA,NA,NA,NA,NA,4.33,4.42,4.33,4.39,2580925,4.39,-0.0223674743022754,11.42,11.56,11.35,11.44,7481615,10.354194,-0.0504480133656914,17.193899,17.933701,17.193899,17.653099,2272032,17.359415,0.0644206387811959,NA,NA,NA,NA,NA,NA,NA,8.03,8.2,8,8.18,3614869,8.058786,-0.0100110511763388,12.7889,13.0333,12.7817,13.0189,5246196,12.795007,-0.0834183410066514,15.4,15.66,15.02,15.59,101247342,15.500357,-0.0396078849586493,6.12,6.3,6.12,6.24,2209741,6.071886,0.00440980109455313,5.38,5.56,5.21,5.4,43170444,5.4,0.279577732971022,10.31,10.58,10.31,10.5,2183605,10.462584,-0.0180657138644219,6.81428,6.92143,6.73571,6.83571,27276695,6.49391,-0.0182012941657066,4.36428,4.44286,4.35714,4.39286,5064640,4.37042,NA,NA,NA,NA,NA,NA,NA,0.127337612863556,4.8,4.92,4.76,4.87,2990816,4.801442,-0.0820358006481716,5.24,5.32,5.22,5.29,4706535,5.29,-0.0216210683585933,NA,NA,NA,NA,NA,NA,NA,14.73,15.45,14.73,15.22,3109233,15.22,0.110109075588085,5.53205,5.5641,5.46154,5.52564,14963852,5.143598,-0.0485021216492341
"28",2018-03-27,10.82,11.05,10.6,11,76105911,10.970525,0.0752830409478787,86.620003,88.550003,84.959999,85.769997,7740622,84.997978,0.165322284372996,10.55,10.74,10.43,10.68,30257595,10.529737,0.0237134231721563,5.92,6.14,5.9,6.04,31172054,5.89425,0.0160053586486953,NA,NA,NA,NA,NA,NA,NA,NA,NA,NA,NA,NA,NA,NA,NA,NA,NA,NA,NA,NA,NA,NA,NA,NA,NA,NA,NA,NA,NA,NA,NA,NA,NA,NA,NA,NA,NA,NA,NA,NA,NA,NA,NA,NA,NA,NA,NA,NA,NA,NA,NA,NA,NA,NA,NA,NA,NA,NA,NA,NA,NA,NA,NA,NA,NA,NA,NA,NA,NA,NA,NA,NA,NA,NA,NA,NA,NA,NA,NA,NA,NA,NA,NA,NA,NA,NA,NA,NA,NA,NA,NA,NA,NA,NA,NA,NA,NA,NA,NA,NA,NA,NA,NA,NA,NA,NA,NA,NA,NA,NA,NA,NA,NA,NA,NA,NA,NA,NA,NA,NA,NA,NA,NA,NA,NA,NA,NA,NA,NA,NA,NA,NA,NA,NA,NA,NA,NA,NA,NA,NA
"29",2018-03-28,10.76,10.97,10.71,10.72,39619622,10.691276,0.0498284954933333,84.980003,87.449997,84.080002,85.660004,5095069,84.888977,0.164039866233235,10.49,10.55,10.25,10.31,31454804,10.164943,-0.0109307715843979,5.97,6.12,5.92,6.02,24120795,5.874732,0.0126941003705495,NA,NA,NA,NA,NA,NA,NA,NA,NA,NA,NA,NA,NA,NA,NA,NA,NA,NA,NA,NA,NA,NA,NA,NA,NA,NA,NA,NA,NA,NA,NA,NA,NA,NA,NA,NA,NA,NA,NA,NA,NA,NA,NA,NA,NA,NA,NA,NA,NA,NA,NA,NA,NA,NA,NA,NA,NA,NA,NA,NA,NA,NA,NA,NA,NA,NA,NA,NA,NA,NA,NA,NA,NA,NA,NA,NA,NA,NA,NA,NA,NA,NA,NA,NA,NA,NA,NA,NA,NA,NA,NA,NA,NA,NA,NA,NA,NA,NA,NA,NA,NA,NA,NA,NA,NA,NA,NA,NA,NA,NA,NA,NA,NA,NA,NA,NA,NA,NA,NA,NA,NA,NA,NA,NA,NA,NA,NA,NA,NA,NA,NA,NA,NA,NA,NA,NA,NA,NA,NA,NA
"30",2018-03-28,10.76,10.97,10.71,10.72,39619622,10.691276,0.0498284954933333,84.980003,87.449997,84.080002,85.660004,5095069,84.888977,0.164039866233235,10.49,10.55,10.25,10.31,31454804,10.164943,-0.0109307715843979,NA,NA,NA,NA,NA,NA,NA,NA,NA,NA,NA,NA,NA,NA,NA,NA,NA,NA,NA,NA,NA,4.34,4.38,4.28,4.31,2623031,4.31,-0.0405907089264211,11.23,11.49,11.12,11.23,5851888,10.164125,-0.0688046567223347,17.5,18.0765,17.351999,17.765301,1607396,17.469749,0.0707765766253103,NA,NA,NA,NA,NA,NA,NA,8.2,8.24,8.1,8.2,2356161,8.078488,-0.00756606340127786,12.9111,13.1196,12.832,13.0405,4253292,12.816235,-0.0817592146595714,15.27,15.39,15.03,15.08,67567388,14.993289,-0.0723211627007917,6.2,6.29,6.18,6.25,1590453,6.081616,0.00601236519711723,5.23,5.34,5.1,5.11,34049438,5.11,0.225874029267318,10.48,10.8,10.43,10.59,4277906,10.552263,-0.00949428529299345,6.71428,6.95,6.66429,6.80714,24259585,6.466768,-0.0223808161173399,4.37857,4.37857,4.28571,4.3,4135524,4.278035,NA,NA,NA,NA,NA,NA,NA,0.106198764823782,4.75,4.86,4.7,4.76,3290950,4.692991,-0.104623069642012,5.26,5.27,5.18,5.21,4241937,5.21,-0.0367439417045291,NA,NA,NA,NA,NA,NA,NA,15,16.32,14.81,15.92,4595048,15.92,0.156101191225404,5.4359,5.60897,5.39103,5.51923,16725349,5.13763,-0.0496621682682682
"31",2018-03-29,10.78,11.1,10.71,11,40458880,10.970525,0.075947898478408,85.720001,86.790001,81.160004,81.199997,10402909,80.469116,0.111973478283966,10.4,10.49,10.16,10.42,16292433,10.273395,-0.000261518432118746,5.98,6.26,5.87,6.16,48042533,6.011354,0.0359499143240379,NA,NA,NA,NA,NA,NA,NA,NA,NA,NA,NA,NA,NA,NA,NA,NA,NA,NA,NA,NA,NA,NA,NA,NA,NA,NA,NA,NA,NA,NA,NA,NA,NA,NA,NA,NA,NA,NA,NA,NA,NA,NA,NA,NA,NA,NA,NA,NA,NA,NA,NA,NA,NA,NA,NA,NA,NA,NA,NA,NA,NA,NA,NA,NA,NA,NA,NA,NA,NA,NA,NA,NA,NA,NA,NA,NA,NA,NA,NA,NA,NA,NA,NA,NA,NA,NA,NA,NA,NA,NA,NA,NA,NA,NA,NA,NA,NA,NA,NA,NA,NA,NA,NA,NA,NA,NA,NA,NA,NA,NA,NA,NA,NA,NA,NA,NA,NA,NA,NA,NA,NA,NA,NA,NA,NA,NA,NA,NA,NA,NA,NA,NA,NA,NA,NA,NA,NA,NA,NA,NA
"32",2018-03-29,10.78,11.1,10.71,11,40458880,10.970525,0.075947898478408,85.720001,86.790001,81.160004,81.199997,10402909,80.469116,0.111973478283966,10.4,10.49,10.16,10.42,16292433,10.273395,-0.000261518432118746,NA,NA,NA,NA,NA,NA,NA,14.16,14.55,14.16,14.48,1115100,14.09407,0.0612520198276133,NA,NA,NA,NA,NA,NA,NA,4.34,4.39,4.32,4.37,2695737,4.37,-0.0266695952373258,11.26,11.64,11.23,11.59,9535904,10.489957,-0.0367476665175263,17.8571,19.4184,17.8571,18.4286,3207900,18.122013,0.108113349022243,NA,NA,NA,NA,NA,NA,NA,8.22,8.35,8.22,8.29,2359859,8.167154,0.00340954635481971,13.1267,13.328,13.0117,13.2058,4231958,12.978692,-0.0690833203303662,15.12,15.34,14.4,14.88,62525803,14.794439,-0.0855837621702876,6.23,6.28,6.21,6.27,1390515,6.101078,0.0092123651971171,5.17,5.31,5.11,5.22,24889906,5.22,0.247400448054011,10.67,10.76,10.46,10.71,3217202,10.671835,0.00183715946621354,6.86428,7.22857,6.71428,7.13571,47612481,6.778909,0.0258876196721399,4.34286,4.36428,4.28571,4.35,3377241,4.327779,NA,NA,NA,NA,NA,NA,NA,0.117826671800526,4.77,4.86,4.75,4.82,2363502,4.752146,-0.0920180276252046,5.21,5.28,5.2,5.26,3200460,5.26,-0.0271470127218035,NA,NA,NA,NA,NA,NA,NA,15.8,15.96,15.55,15.89,3238638,15.89,0.154216769114851,5.61538,5.64103,5.44872,5.60897,18515257,5.221166,-0.0334026538070119
"33",2018-03-30,11.16,11.29,10.92,11.11,48403042,11.08023,0.085947898478408,80.410004,83.779999,80.410004,82.980003,5936158,82.233101,0.1338947352515,10.54,10.83,10.5,10.62,22259027,10.47058,0.0189323395333322,6.11,6.24,6.03,6.12,33957591,5.97232,0.0294564078305314,NA,NA,NA,NA,NA,NA,NA,NA,NA,NA,NA,NA,NA,NA,NA,NA,NA,NA,NA,NA,NA,NA,NA,NA,NA,NA,NA,NA,NA,NA,NA,NA,NA,NA,NA,NA,NA,NA,NA,NA,NA,NA,NA,NA,NA,NA,NA,NA,NA,NA,NA,NA,NA,NA,NA,NA,NA,NA,NA,NA,NA,NA,NA,NA,NA,NA,NA,NA,NA,NA,NA,NA,NA,NA,NA,NA,NA,NA,NA,NA,NA,NA,NA,NA,NA,NA,NA,NA,NA,NA,NA,NA,NA,NA,NA,NA,NA,NA,NA,NA,NA,NA,NA,NA,NA,NA,NA,NA,NA,NA,NA,NA,NA,NA,NA,NA,NA,NA,NA,NA,NA,NA,NA,NA,NA,NA,NA,NA,NA,NA,NA,NA,NA,NA,NA,NA,NA,NA,NA,NA
"34",2018-03-30,11.16,11.29,10.92,11.11,48403042,11.08023,0.085947898478408,80.410004,83.779999,80.410004,82.980003,5936158,82.233101,0.1338947352515,10.54,10.83,10.5,10.62,22259027,10.47058,0.0189323395333322,NA,NA,NA,NA,NA,NA,NA,14.5,15.47,14.4,15.31,2610901,14.90195,0.118572461816564,15.95,16.450001,15.83,16.41,15810520,16.41,0.0601853734034458,4.38,4.46,4.38,4.44,2361181,4.44,-0.0106512886011702,11.61,11.61,11.46,11.56,6180013,10.462805,-0.0393361048264131,18.8827,18.9286,18.1633,18.438801,2331420,18.132046,0.108666890799698,19.969999,20.35,19.809999,20.07,7251930,19.750566,0.0689991076352683,8.3,8.55,8.3,8.54,3208919,8.413451,0.0335663617951093,13.1986,13.3784,13.0908,13.3137,4198477,13.084736,-0.0609126680412204,14.96,16.15,14.96,16.040001,121632432,15.94777,-0.00762670571867485,6.29,6.34,6.22,6.24,2255400,6.071886,0.00442767620190188,5.25,5.27,5.17,5.26,23365525,5.26,0.255063283303053,10.74,10.74,10.61,10.65,2246900,10.612048,-0.00376508143014509,7.03571,7.13571,6.93571,7.08571,31134252,6.731409,0.0188806084567177,4.35,4.4,4.33571,4.34286,3789832,4.320675,NA,NA,NA,NA,NA,NA,NA,0.116185292490182,4.83,4.93,4.81,4.88,3117528,4.811301,-0.0795698948451217,5.28,5.36,5.26,5.34,5293871,5.34,-0.0119378872465185,12.29,12.4,12.23,12.35,1370346,11.972385,-0.0192810438203818,16.1,16.1,15.79,15.91,2696100,15.91,0.155475422355884,5.66026,5.9359,5.61538,5.86538,30152818,5.459847,0.0123116217195108
"35",2018-04-02,11.02,11.47,10.96,11.24,45800780,11.209882,0.0976490685954198,83.370003,84.190002,81.029999,82.57,5155966,81.826782,0.128953749650427,10.64,10.71,10.52,10.64,21432088,10.490299,0.020815578704707,NA,NA,NA,NA,NA,NA,NA,15.19,16.75,15.06,16.07,5983620,15.641693,0.168213219491286,16.48,17.450001,16.42,16.809999,29897710,16.809999,0.0845606933303197,4.46,4.46,4.41,4.43,2804000,4.43,-0.0129035408534226,11.54,11.69,11.47,11.58,8096077,10.480906,-0.0376060010201849,18.1684,18.816299,18.1684,18.351999,1718724,18.046688,0.103959317894062,20.1,20.290001,19.76,19.9,5125369,19.583271,0.0605287538734346,8.87,8.99,8.65,8.68,10483055,8.551375,0.0499598044180601,13.3496,13.3999,13.249,13.2921,4227982,13.063507,-0.0625350570089755,16.280001,16.459999,15.81,16.09,124573262,15.997481,-0.00450956127460655,6.23,6.27,6.22,6.23,1367515,6.062155,0.00282511209933778,5.35,5.44,5.12,5.15,29817938,5.15,0.234150735774536,10.66,10.86,10.62,10.7,2683600,10.66187,0.00092975425060593,7.2,7.26429,6.97857,7,33253192,6.649985,0.00678443178564314,4.32143,4.36428,4.17857,4.18571,6072816,4.164328,NA,NA,NA,NA,NA,NA,NA,0.0799994610334918,4.85,5.11,4.84,4.98,5867171,4.909894,-0.059078091566433,5.34,5.36,5.29,5.32,4652499,5.32,-0.0156832055985783,12.48,12.51,12.31,12.38,1011007,12.001468,-0.0168518940228107,15.8,16.23,15.69,15.97,2874851,15.97,0.159246635429422,5.89744,6.0641,5.80769,6.03205,39447423,5.614995,0.0407275129320154
"36",2018-04-02,11.02,11.47,10.96,11.24,45800780,11.209882,0.0976490685954198,83.370003,84.190002,81.029999,82.57,5155966,81.826782,0.128953749650427,10.64,10.71,10.52,10.64,21432088,10.490299,0.020815578704707,6.1,6.14,6.01,6.13,27535941,5.982078,0.031090394758636,NA,NA,NA,NA,NA,NA,NA,NA,NA,NA,NA,NA,NA,NA,NA,NA,NA,NA,NA,NA,NA,NA,NA,NA,NA,NA,NA,NA,NA,NA,NA,NA,NA,NA,NA,NA,NA,NA,NA,NA,NA,NA,NA,NA,NA,NA,NA,NA,NA,NA,NA,NA,NA,NA,NA,NA,NA,NA,NA,NA,NA,NA,NA,NA,NA,NA,NA,NA,NA,NA,NA,NA,NA,NA,NA,NA,NA,NA,NA,NA,NA,NA,NA,NA,NA,NA,NA,NA,NA,NA,NA,NA,NA,NA,NA,NA,NA,NA,NA,NA,NA,NA,NA,NA,NA,NA,NA,NA,NA,NA,NA,NA,NA,NA,NA,NA,NA,NA,NA,NA,NA,NA,NA,NA,NA,NA,NA,NA,NA,NA,NA,NA,NA,NA,NA,NA,NA,NA,NA,NA
"37",2018-04-03,11.02,11.16,10.8,10.93,28673753,10.900713,0.0700689974210426,80.529999,83.480003,80.529999,81.489998,5119737,80.7565,0.115873914359159,10.5,10.83,10.39,10.51,25185833,10.362128,0.00859753359192494,6.06,6.41,6.05,6.3,58902706,6.147976,0.0588228580539051,NA,NA,NA,NA,NA,NA,NA,NA,NA,NA,NA,NA,NA,NA,NA,NA,NA,NA,NA,NA,NA,NA,NA,NA,NA,NA,NA,NA,NA,NA,NA,NA,NA,NA,NA,NA,NA,NA,NA,NA,NA,NA,NA,NA,NA,NA,NA,NA,NA,NA,NA,NA,NA,NA,NA,NA,NA,NA,NA,NA,NA,NA,NA,NA,NA,NA,NA,NA,NA,NA,NA,NA,NA,NA,NA,NA,NA,NA,NA,NA,NA,NA,NA,NA,NA,NA,NA,NA,NA,NA,NA,NA,NA,NA,NA,NA,NA,NA,NA,NA,NA,NA,NA,NA,NA,NA,NA,NA,NA,NA,NA,NA,NA,NA,NA,NA,NA,NA,NA,NA,NA,NA,NA,NA,NA,NA,NA,NA,NA,NA,NA,NA,NA,NA,NA,NA,NA,NA,NA,NA
"38",2018-04-03,11.02,11.16,10.8,10.93,28673753,10.900713,0.0700689974210426,80.529999,83.480003,80.529999,81.489998,5119737,80.7565,0.115873914359159,10.5,10.83,10.39,10.51,25185833,10.362128,0.00859753359192494,NA,NA,NA,NA,NA,NA,NA,16.559999,16.58,15.65,15.88,4240973,15.456758,0.156389946311448,16.5,16.68,16.1,16.49,13678425,16.49,0.0655244637624296,4.39,4.39,4.28,4.33,3324856,4.33,-0.0354769042845737,11.4,11.57,11.21,11.41,5881739,10.327042,-0.0522864846125856,18.1224,18.316299,17.8214,18.0357,1301440,17.735649,0.0867241927177804,19.52,20.309999,19.49,19.799999,5238191,19.484861,0.0555035779940377,8.55,8.6,8.45,8.54,5092927,8.413451,0.0338307721599955,13.1339,13.1339,12.9255,12.983,3710068,12.759723,-0.0857894712851245,15.78,15.93,15.3,15.82,81793505,15.729033,-0.0212901703485655,6.23,6.24,6.17,6.21,1539174,6.042694,-0.00038516077385653,5.01,5.34,4.9,5.28,33299153,5.28,0.259393454221138,10.6,10.6,10.26,10.33,1897637,10.293188,-0.0336496850017305,6.92143,7.15714,6.84286,7.05714,19887133,6.704268,0.0149472889285003,4.18571,4.18571,4.02857,4.04286,8159949,4.022208,NA,NA,NA,NA,NA,NA,NA,0.0458714397420024,4.87,5.01,4.81,4.9,4616854,4.831019,-0.0751423485945454,5.25,5.25,5.16,5.2,4580806,5.2,-0.0382395965760219,12.28,12.4,12.22,12.25,1199465,11.875443,-0.0273527017772535,15.71,15.71,15.16,15.38,2878518,15.38,0.122302364922221,5.94872,5.98077,5.83974,5.89103,24255326,5.483724,0.0173490595040763
"39",2018-04-04,10.96,11.36,10.91,10.99,39581226,10.960552,0.0755584759205851,82.110001,82.690002,81.010002,81.199997,3707801,80.469116,0.112315183139163,10.63,10.85,10.57,10.75,26844085,10.598752,0.0314329284539611,6.27,6.37,6.18,6.27,49514646,6.1187,0.0540609532920002,NA,NA,NA,NA,NA,NA,NA,NA,NA,NA,NA,NA,NA,NA,NA,NA,NA,NA,NA,NA,NA,NA,NA,NA,NA,NA,NA,NA,NA,NA,NA,NA,NA,NA,NA,NA,NA,NA,NA,NA,NA,NA,NA,NA,NA,NA,NA,NA,NA,NA,NA,NA,NA,NA,NA,NA,NA,NA,NA,NA,NA,NA,NA,NA,NA,NA,NA,NA,NA,NA,NA,NA,NA,NA,NA,NA,NA,NA,NA,NA,NA,NA,NA,NA,NA,NA,NA,NA,NA,NA,NA,NA,NA,NA,NA,NA,NA,NA,NA,NA,NA,NA,NA,NA,NA,NA,NA,NA,NA,NA,NA,NA,NA,NA,NA,NA,NA,NA,NA,NA,NA,NA,NA,NA,NA,NA,NA,NA,NA,NA,NA,NA,NA,NA,NA,NA,NA,NA,NA,NA
"40",2018-04-04,10.96,11.36,10.91,10.99,39581226,10.960552,0.0755584759205851,82.110001,82.690002,81.010002,81.199997,3707801,80.469116,0.112315183139163,10.63,10.85,10.57,10.75,26844085,10.598752,0.0314329284539611,NA,NA,NA,NA,NA,NA,NA,15.44,15.5,14.86,14.95,3415503,14.551543,0.0978257145734125,16.530001,16.66,16,16.02,11115292,16.02,0.0370223412639458,4.34,4.37,4.3,4.32,2902541,4.32,-0.0377863731067446,11.42,11.49,11.06,11.09,7025464,10.037414,-0.0803320586704296,18.1633,18.265301,17.8367,17.8827,831824,17.585196,0.0782410176816023,19.9,20.26,19.34,19.469999,5644369,19.160114,0.0388369104856202,8.58,8.6,8.08,8.14,9817329,8.019379,-0.0130076353341495,12.947,13.1483,12.8679,12.9326,3511110,12.71019,-0.0896714708229817,15.99,16.1,15.6,15.69,65885141,15.599781,-0.0295076166191092,6.25,6.27,6.16,6.16,1530100,5.994041,-0.00843669056451668,5.29,5.29,5.08,5.15,16816009,5.15,0.234772242099926,10.38,10.46,10.18,10.29,1935100,10.253331,-0.0375219018458739,7.05,7.08571,6.87143,6.9,20933122,6.554985,-0.00731952170583605,4.05,4.12143,4.00714,4.04286,3564321,4.022208,NA,NA,NA,NA,NA,NA,NA,0.0458714397420024,4.87,4.94,4.76,4.78,2979594,4.712709,-0.0996321445129128,5.23,5.29,5.21,5.23,3458423,5.23,-0.0324703658067912,12.25,12.46,12.19,12.24,1342800,11.865747,-0.0281690283078657,15.41,15.63,14.95,14.99,1976206,14.99,0.0969447576400366,5.90385,6.01923,5.84615,6.00641,30073194,5.591127,0.0369347686245526
"41",2018-04-09,11.36,12.09,11.16,12.09,110229528,12.057605,0.175649467731322,81.160004,84.699997,81.139999,84.669998,6001922,83.907883,0.15504918718106,10.72,10.78,10.31,10.34,23230895,10.19452,-0.00670660642975984,NA,NA,NA,NA,NA,NA,NA,14.8,15.08,14.2,14.59,2101900,14.201139,0.0737454470148841,16.030001,17.09,15.81,16.940001,18805035,16.940001,0.0944506184175037,4.3,4.35,4.24,4.31,2805300,4.31,-0.0401011879215596,11.08,11.24,11.07,11.18,4710764,10.118872,-0.0722166393737659,17.9286,18.3622,17.811199,18.051001,834960,17.750698,0.0876524041053527,19.51,20.799999,19.41,20.41,9943718,20.085154,0.0871163685379807,8.13,8.23,8.04,8.17,3658429,8.048933,-0.00932213164864582,12.8679,13.2633,12.7961,13.249,4298630,13.021149,-0.0652061660892082,15.64,15.86,14.88,15.34,51743244,15.251795,-0.0518148186586248,6.12,6.17,6.1,6.14,1004480,5.97458,-0.01168344381127,5.04,5.15,4.96,5.07,11143701,5.07,0.219238261517402,NA,NA,NA,NA,NA,NA,NA,6.87857,6.97143,6.84286,6.89286,17196611,6.548202,-0.00835430431453177,4.04286,4.08571,4,4.03571,3020549,4.015094,2.76,2.77,2.72,2.76,5917300,2.733107,-0.0475199001760621,0.0441028897551119,4.77,4.85,4.74,4.79,2269750,4.722568,-0.0975400943037078,5.21,5.39,5.16,5.35,7478674,5.35,-0.00952581513757533,12.17,12.25,11.99,12.09,1112354,11.720335,-0.0404239302686501,14.96,15.36,14.76,15.08,2069606,15.08,0.102948760308482,5.92949,6,5.8141,5.85256,26475221,5.447914,0.0113204665705804
"42",2018-04-09,11.36,12.09,11.16,12.09,110229528,12.057605,0.175649467731322,81.160004,84.699997,81.139999,84.669998,6001922,83.907883,0.15504918718106,10.72,10.78,10.31,10.34,23230895,10.19452,-0.00670660642975984,6.19,6.27,6.12,6.2,24663509,6.050389,0.0428966789698313,NA,NA,NA,NA,NA,NA,NA,NA,NA,NA,NA,NA,NA,NA,NA,NA,NA,NA,NA,NA,NA,NA,NA,NA,NA,NA,NA,NA,NA,NA,NA,NA,NA,NA,NA,NA,NA,NA,NA,NA,NA,NA,NA,NA,NA,NA,NA,NA,NA,NA,NA,NA,NA,NA,NA,NA,NA,NA,NA,NA,NA,NA,NA,NA,NA,NA,NA,NA,NA,NA,NA,NA,NA,NA,NA,NA,NA,NA,NA,NA,NA,NA,NA,NA,NA,NA,NA,NA,NA,NA,NA,NA,NA,NA,NA,NA,NA,NA,NA,NA,NA,NA,NA,NA,NA,NA,NA,NA,NA,NA,NA,NA,NA,NA,NA,NA,NA,NA,NA,NA,NA,NA,NA,NA,NA,NA,NA,NA,NA,NA,NA,NA,NA,NA,NA,NA,NA,NA,NA,NA
"43",2018-04-10,12.3,12.56,11.69,11.88,93229613,11.848167,0.158279740684176,84.599998,86.5,84.010002,85.029999,4610328,84.264641,0.159301000202243,10.37,10.56,10.2,10.43,22499014,10.283255,0.00199745546579133,NA,NA,NA,NA,NA,NA,NA,14.6,14.9,14.36,14.58,1773701,14.191406,0.0730600460553227,16.93,17.18,16.360001,16.799999,15235716,16.799999,0.0861860380317057,4.36,4.37,4.28,4.33,3039900,4.33,-0.0354608166918611,11.3,11.5,11.23,11.45,5933915,10.363246,-0.048066371037451,18.015301,18.4949,17.9643,18.2551,1269492,17.951401,0.0989592008863179,20.43,20.99,19.6,20.059999,7403070,19.740723,0.0699678629034878,8.16,8.29,8.16,8.28,3414002,8.157304,0.00414176064021587,13.4502,13.5149,13.1771,13.2777,4626038,13.049356,-0.0630399648664745,15.4,15.52,15.03,15.5,46394322,15.410873,-0.0413845709402415,6.13,6.18,6.1,6.14,1266855,5.97458,-0.01168344381127,5.03,5.27,5,5.22,20806120,5.22,0.24882406033397,NA,NA,NA,NA,NA,NA,NA,6.92857,7.14286,6.87143,7.11428,28853349,6.758551,0.0237687911784856,4.05,4.07143,4,4.05,2177422,4.029312,2.77,2.77,2.73,2.77,5967700,2.74301,-0.043896711770265,0.0476437784710999,4.78,4.82,4.74,4.8,2349348,4.732428,-0.095452411631474,5.3,5.36,5.26,5.36,7202867,5.36,-0.00765665625907064,12.15,12.18,12.02,12.17,1030801,11.797889,-0.0338068913935466,14.98,15.2,14.6,14.86,1790600,14.86,0.0883599008920365,5.85256,5.9359,5.84615,5.88461,13303728,5.477748,0.0167967026108773
"44",2018-04-10,12.3,12.56,11.69,11.88,93229613,11.848167,0.158279740684176,84.599998,86.5,84.010002,85.029999,4610328,84.264641,0.159301000202243,10.37,10.56,10.2,10.43,22499014,10.283255,0.00199745546579133,6.2,6.33,6.16,6.27,33353733,6.1187,0.0541870015504764,NA,NA,NA,NA,NA,NA,NA,NA,NA,NA,NA,NA,NA,NA,NA,NA,NA,NA,NA,NA,NA,NA,NA,NA,NA,NA,NA,NA,NA,NA,NA,NA,NA,NA,NA,NA,NA,NA,NA,NA,NA,NA,NA,NA,NA,NA,NA,NA,NA,NA,NA,NA,NA,NA,NA,NA,NA,NA,NA,NA,NA,NA,NA,NA,NA,NA,NA,NA,NA,NA,NA,NA,NA,NA,NA,NA,NA,NA,NA,NA,NA,NA,NA,NA,NA,NA,NA,NA,NA,NA,NA,NA,NA,NA,NA,NA,NA,NA,NA,NA,NA,NA,NA,NA,NA,NA,NA,NA,NA,NA,NA,NA,NA,NA,NA,NA,NA,NA,NA,NA,NA,NA,NA,NA,NA,NA,NA,NA,NA,NA,NA,NA,NA,NA,NA,NA,NA,NA,NA,NA
"45",2018-04-11,11.68,12.19,11.55,12.08,63004638,12.047631,0.175114757519193,85.400002,85.879997,84.019997,84.489998,4054558,83.7295,0.152950288613972,10.48,10.73,10.42,10.69,26994085,10.539596,0.0269255475079773,NA,NA,NA,NA,NA,NA,NA,14.65,14.84,14.48,14.6,1563905,14.210873,0.0744317881678055,16.780001,17.639999,16.68,17.139999,21005608,17.139999,0.106424134474449,4.33,4.39,4.33,4.38,2967100,4.38,-0.0239134725810066,11.44,11.51,11.35,11.39,6138962,10.30894,-0.05330654570994,18.4184,18.4949,18.1122,18.265301,973140,17.961432,0.0995180036318523,20.120001,20.66,20.120001,20.370001,5721643,20.04579,0.0854216024575126,8.28,8.48,8.28,8.39,4852259,8.265674,0.0174267847948053,13.5221,13.8384,13.5221,13.7809,9036577,13.543901,-0.0251418349192697,15.6,15.63,15.16,15.25,48802050,15.162312,-0.057513603198306,6.15,6.16,6.12,6.14,2198079,5.97458,-0.01168344381127,5.22,5.25,5.14,5.18,11454973,5.18,0.241161225084928,NA,NA,NA,NA,NA,NA,NA,7.14286,7.36428,7.14286,7.25,32030590,6.887484,0.0428459149352116,4.08571,4.42143,4.08571,4.3,8369085,4.278035,2.77,2.79,2.77,2.78,6401300,2.752913,-0.0402866034670161,0.109372173532828,4.79,4.88,4.79,4.83,2222550,4.762004,-0.0892024116314739,5.36,5.48,5.33,5.43,7631685,5.43,0.00540304523346646,12.2,12.38,12.2,12.32,1239902,11.943301,-0.0214815010895203,15,15.19,14.8,15.09,1824675,15.09,0.103837693624203,5.92308,5.99359,5.88461,5.9359,19424115,5.525492,0.0255126582986798
"46",2018-04-11,11.68,12.19,11.55,12.08,63004638,12.047631,0.175114757519193,85.400002,85.879997,84.019997,84.489998,4054558,83.7295,0.152950288613972,10.48,10.73,10.42,10.69,26994085,10.539596,0.0269255475079773,6.28,6.55,6.24,6.43,62598485,6.274839,0.0797053428582915,NA,NA,NA,NA,NA,NA,NA,NA,NA,NA,NA,NA,NA,NA,NA,NA,NA,NA,NA,NA,NA,NA,NA,NA,NA,NA,NA,NA,NA,NA,NA,NA,NA,NA,NA,NA,NA,NA,NA,NA,NA,NA,NA,NA,NA,NA,NA,NA,NA,NA,NA,NA,NA,NA,NA,NA,NA,NA,NA,NA,NA,NA,NA,NA,NA,NA,NA,NA,NA,NA,NA,NA,NA,NA,NA,NA,NA,NA,NA,NA,NA,NA,NA,NA,NA,NA,NA,NA,NA,NA,NA,NA,NA,NA,NA,NA,NA,NA,NA,NA,NA,NA,NA,NA,NA,NA,NA,NA,NA,NA,NA,NA,NA,NA,NA,NA,NA,NA,NA,NA,NA,NA,NA,NA,NA,NA,NA,NA,NA,NA,NA,NA,NA,NA,NA,NA,NA,NA,NA,NA
"47",2018-04-12,11.91,12.75,11.82,12.38,76571496,12.346828,0.199949194605285,84.830002,89.330002,84.260002,89.260002,8770521,88.456573,0.209406722664308,10.63,10.76,10.58,10.69,14025715,10.539596,0.0269255475079773,NA,NA,NA,NA,NA,NA,NA,14.65,14.67,14.32,14.38,1182401,13.996737,0.0593632950171207,17.02,17.280001,16.6,16.700001,13862651,16.700001,0.0807533045053229,4.36,4.38,4.29,4.3,2878607,4.3,-0.042178312763655,11.35,11.38,11.1,11.16,5627371,10.100769,-0.0734996975975607,18.265301,18.316299,17.658199,17.7092,1139544,17.414581,0.0690722420208062,20.35,20.35,19.68,19.780001,4306222,19.465181,0.056457440894634,8.42,8.54,8.28,8.37,5259250,8.24597,0.0150429945683451,13.6228,13.7522,13.4646,13.5006,5963912,13.268422,-0.0454815805091804,15.09,15.42,14.95,14.96,42495562,14.87398,-0.0765299966409289,6.13,6.13,6.08,6.11,1962702,5.945388,-0.0165694372966119,5.15,5.2,5.05,5.07,10160900,5.07,0.219925703849406,NA,NA,NA,NA,NA,NA,NA,7.21428,7.32857,7.17143,7.24286,17599971,6.880701,0.0418610873490047,4.28571,4.29286,4.17857,4.20714,5084304,4.185648,2.77,2.77,2.75,2.75,4429576,2.723205,-0.0510779703734908,0.0877768246956191,4.83,4.84,4.71,4.73,2206388,4.663413,-0.109906345378886,5.44,5.44,5.35,5.4,5256385,5.4,-0.00012181664498645,12.26,12.31,12.08,12.14,1071601,11.768806,-0.0360918906999099,15.18,15.3,14.67,14.73,1735800,14.73,0.079980834777285,5.96154,5.96154,5.85256,5.87179,13081255,5.465814,0.014712274195174
"48",2018-04-12,11.91,12.75,11.82,12.38,76571496,12.346828,0.199949194605285,84.830002,89.330002,84.260002,89.260002,8770521,88.456573,0.209406722664308,10.63,10.76,10.58,10.69,14025715,10.539596,0.0269255475079773,6.36,6.52,6.23,6.36,35121233,6.206528,0.0688188731848857,NA,NA,NA,NA,NA,NA,NA,NA,NA,NA,NA,NA,NA,NA,NA,NA,NA,NA,NA,NA,NA,NA,NA,NA,NA,NA,NA,NA,NA,NA,NA,NA,NA,NA,NA,NA,NA,NA,NA,NA,NA,NA,NA,NA,NA,NA,NA,NA,NA,NA,NA,NA,NA,NA,NA,NA,NA,NA,NA,NA,NA,NA,NA,NA,NA,NA,NA,NA,NA,NA,NA,NA,NA,NA,NA,NA,NA,NA,NA,NA,NA,NA,NA,NA,NA,NA,NA,NA,NA,NA,NA,NA,NA,NA,NA,NA,NA,NA,NA,NA,NA,NA,NA,NA,NA,NA,NA,NA,NA,NA,NA,NA,NA,NA,NA,NA,NA,NA,NA,NA,NA,NA,NA,NA,NA,NA,NA,NA,NA,NA,NA,NA,NA,NA,NA,NA,NA,NA,NA,NA
"49",2018-04-13,12.09,12.58,12.08,12.18,46232250,12.147364,0.183794105752297,88.75,89.589996,86.370003,86.879997,6040983,86.097992,0.182742988106023,10.69,10.79,10.51,10.57,10953946,10.421284,0.0157001031674722,NA,NA,NA,NA,NA,NA,NA,14.46,14.6,14.35,14.54,811000,14.152472,0.0704898596902778,16.870001,17.370001,16.799999,17.219999,21245732,17.219999,0.111890907431215,4.33,4.35,4.28,4.3,2055590,4.3,-0.042178312763655,11.23,11.29,11.07,11.12,4492555,10.064567,-0.0770839269882417,17.7092,17.898001,17.0051,17.051001,2517290,16.767334,0.0319051763148455,19.809999,20.27,19.799999,19.82,4129899,19.504543,0.0584796349278901,8.37,8.54,8.32,8.39,3113963,8.265674,0.0174324808287992,NA,NA,NA,NA,NA,NA,NA,15.13,15.17,14.9,14.99,34101067,14.903807,-0.074524649047346,6.11,6.16,6.07,6.08,2892520,5.916196,-0.0214794209299998,5.06,5.1,4.77,4.87,21465500,4.87,0.180477972093982,NA,NA,NA,NA,NA,NA,NA,7.28571,7.35,7.12143,7.18571,15530999,6.826409,0.0339705579172609,4.22143,4.27143,4.16429,4.19286,2534404,4.171442,2.76,2.77,2.75,2.76,4075040,2.733107,-0.0474416067371272,0.0843825948862948,4.73,4.82,4.7,4.71,1602350,4.643694,-0.114134675188611,5.41,5.43,5.35,5.35,2861145,5.35,-0.00938107590424586,12.15,12.27,12.11,12.11,610354,11.739723,-0.0385630603868952,14.73,15.27,14.69,14.97,1835800,14.97,0.0962741137996883,5.9359,5.94872,5.82692,5.86538,13775838,5.459847,0.0136206139007834
"50",2018-04-13,12.09,12.58,12.08,12.18,46232250,12.147364,0.183794105752297,88.75,89.589996,86.370003,86.879997,6040983,86.097992,0.182742988106023,10.69,10.79,10.51,10.57,10953946,10.421284,0.0157001031674722,6.32,6.4,6.26,6.32,34700048,6.167493,0.062529565008785,NA,NA,NA,NA,NA,NA,NA,NA,NA,NA,NA,NA,NA,NA,NA,NA,NA,NA,NA,NA,NA,NA,NA,NA,NA,NA,NA,NA,NA,NA,NA,NA,NA,NA,NA,NA,NA,NA,NA,NA,NA,NA,NA,NA,NA,NA,NA,NA,NA,NA,NA,NA,NA,NA,NA,NA,NA,NA,NA,NA,NA,NA,NA,NA,NA,NA,NA,NA,NA,NA,NA,NA,NA,NA,NA,NA,NA,NA,NA,NA,NA,NA,NA,NA,NA,NA,NA,NA,NA,NA,NA,NA,NA,NA,NA,NA,NA,NA,NA,NA,NA,NA,NA,NA,NA,NA,NA,NA,NA,NA,NA,NA,NA,NA,NA,NA,NA,NA,NA,NA,NA,NA,NA,NA,NA,NA,NA,NA,NA,NA,NA,NA,NA,NA,NA,NA,NA,NA,NA,NA
"51",2018-04-16,12.3,12.43,11.93,12.28,44460025,12.247095,0.19200428637627,86.010002,88.269997,84.989998,87.860001,4954579,87.069176,0.194022960871215,10.58,10.65,10.33,10.47,13319582,10.322691,0.00623936522991309,6.3,6.3,6.16,6.2,18929596,6.050389,0.0435422232366331,NA,NA,NA,NA,NA,NA,NA,NA,NA,NA,NA,NA,NA,NA,NA,NA,NA,NA,NA,NA,NA,NA,NA,NA,NA,NA,NA,NA,NA,NA,NA,NA,NA,NA,NA,NA,NA,NA,NA,NA,NA,NA,NA,NA,NA,NA,NA,NA,NA,NA,NA,NA,NA,NA,NA,NA,NA,NA,NA,NA,NA,NA,NA,NA,NA,NA,NA,NA,NA,NA,NA,NA,NA,NA,NA,NA,NA,NA,NA,NA,NA,NA,NA,NA,NA,NA,NA,NA,NA,NA,NA,NA,NA,NA,NA,NA,NA,NA,NA,NA,NA,NA,NA,NA,NA,NA,NA,NA,NA,NA,NA,NA,NA,NA,NA,NA,NA,NA,NA,NA,NA,NA,NA,NA,NA,NA,NA,NA,NA,NA,NA,NA,NA,NA,NA,NA,NA,NA,NA,NA
"52",2018-04-16,12.3,12.43,11.93,12.28,44460025,12.247095,0.19200428637627,86.010002,88.269997,84.989998,87.860001,4954579,87.069176,0.194022960871215,10.58,10.65,10.33,10.47,13319582,10.322691,0.00623936522991309,NA,NA,NA,NA,NA,NA,NA,14.63,14.63,14.21,14.31,743011,13.928602,0.0546714277783109,17.24,18.299999,17.07,18.120001,41671844,18.120001,0.164155834972732,4.26,4.32,4.22,4.23,2708839,4.23,-0.0584573825310968,NA,NA,NA,NA,NA,NA,NA,16.846901,17.5,16.5714,16.75,2678218,16.471338,0.014252195120369,19.879999,20.09,19.25,19.33,5888173,19.022343,0.0337571324051856,8.34,8.41,8.09,8.13,4116734,8.009526,-0.0135567921151817,NA,NA,NA,NA,NA,NA,NA,14.8,15.36,14.68,15.29,51264862,15.202081,-0.0545113068191939,6.07,6.1,6.01,6.02,1272261,5.857813,-0.0313478419826314,NA,NA,NA,NA,NA,NA,NA,NA,NA,NA,NA,NA,NA,NA,7.18571,7.19286,6.85714,6.92143,25041783,6.575344,-0.00280799284529432,4.16429,4.20714,4.05714,4.06428,3059840,4.043519,2.76,2.77,2.71,2.73,4704620,2.7034,-0.0583111719545184,0.0537161762603452,4.7,4.73,4.6,4.61,2218511,4.545102,-0.135366097693919,5.37,5.39,5.26,5.29,3375400,5.29,-0.0205960291752738,12.1,12.25,12.03,12.09,814700,11.720335,-0.0402145880499835,14.72,14.89,14.5,14.74,1616800,14.74,0.0809100523434425,5.85897,5.89103,5.67308,5.69231,19935225,5.298743,-0.0158864257113134
"53",2018-04-17,12.24,12.52,11.9,11.97,41960413,11.937926,0.166759986702003,89,89,84.900002,85.120003,5377892,84.353836,0.162837006297871,10.47,10.48,10,10.04,26927583,9.898741,-0.0348303577882342,6.16,6.22,6.03,6.13,21442504,5.982078,0.0322519006559879,NA,NA,NA,NA,NA,NA,NA,NA,NA,NA,NA,NA,NA,NA,NA,NA,NA,NA,NA,NA,NA,NA,NA,NA,NA,NA,NA,NA,NA,NA,NA,NA,NA,NA,NA,NA,NA,NA,NA,NA,NA,NA,NA,NA,NA,NA,NA,NA,NA,NA,NA,NA,NA,NA,NA,NA,NA,NA,NA,NA,NA,NA,NA,NA,NA,NA,NA,NA,NA,NA,NA,NA,NA,NA,NA,NA,NA,NA,NA,NA,NA,NA,NA,NA,NA,NA,NA,NA,NA,NA,NA,NA,NA,NA,NA,NA,NA,NA,NA,NA,NA,NA,NA,NA,NA,NA,NA,NA,NA,NA,NA,NA,NA,NA,NA,NA,NA,NA,NA,NA,NA,NA,NA,NA,NA,NA,NA,NA,NA,NA,NA,NA,NA,NA,NA,NA,NA,NA,NA,NA
"54",2018-04-17,12.24,12.52,11.9,11.97,41960413,11.937926,0.166759986702003,89,89,84.900002,85.120003,5377892,84.353836,0.162837006297871,10.47,10.48,10,10.04,26927583,9.898741,-0.0348303577882342,NA,NA,NA,NA,NA,NA,NA,14.43,14.43,13.66,13.69,1014900,13.325126,0.0113450825651732,17.969999,17.969999,16.66,16.85,23421082,16.85,0.0940674834323542,4.23,4.25,4.08,4.11,3094133,4.11,-0.086826176857338,NA,NA,NA,NA,NA,NA,NA,16.8214,17.1735,16.4643,16.8929,1632975,16.611862,0.0227835384039511,19.68,19.940001,18.66,19.01,6572035,18.707436,0.0172025540296038,8.12,8.24,8,8.05,3553694,7.930712,-0.0233968905161657,NA,NA,NA,NA,NA,NA,NA,15.4,15.95,15.06,15.46,83916069,15.371104,-0.043392928794341,6.06,6.06,5.93,5.95,1435060,5.789699,-0.0429757489593755,NA,NA,NA,NA,NA,NA,NA,NA,NA,NA,NA,NA,NA,NA,6.89286,6.97857,6.75714,6.76429,13616675,6.426061,-0.0255113937321053,4.07857,4.09286,3.78571,3.95714,3532480,3.936926,2.74,2.74,2.66,2.67,6454960,2.643985,-0.0802891939325404,0.027354803520278,4.59,4.69,4.55,4.57,2084050,4.505665,-0.144042887281771,5.3,5.33,5.12,5.16,3702835,5.16,-0.0451706983624194,12.18,12.18,11.8,11.83,972700,11.468284,-0.0617199643940695,14.75,14.8,13.74,13.77,2473900,13.77,0.0151027253420856,5.72436,5.74359,5.55128,5.57692,14872461,5.191332,-0.0361576337094722
"55",2018-04-26,NA,NA,NA,NA,NA,NA,NA,90,90.349998,88.190002,89.150002,3620690,88.347565,0.209574837416688,NA,NA,NA,NA,NA,NA,NA,NA,NA,NA,NA,NA,NA,NA,13.33,13.33,12.74,12.92,725800,12.575649,-0.0436455831757155,16.1,16.65,16.030001,16.07,12731407,16.07,0.0496490137232692,4.06,4.27,4.01,4.13,6892965,4.13,-0.0811651605933449,NA,NA,NA,NA,NA,NA,NA,NA,NA,NA,NA,NA,NA,NA,19.030001,19.35,18.5,18.6,3794856,18.303961,-2.56204659963011e-05,NA,NA,NA,NA,NA,NA,NA,NA,NA,NA,NA,NA,NA,NA,NA,NA,NA,NA,NA,NA,NA,NA,NA,NA,NA,NA,NA,NA,NA,NA,NA,NA,NA,NA,NA,NA,NA,NA,NA,NA,NA,NA,NA,NA,NA,NA,NA,NA,NA,4.51429,4.58571,4.44286,4.53571,7344969,4.51254,2.69,2.69,2.64,2.65,6321163,2.624179,-0.0874859209347335,0.173945511471499,NA,NA,NA,NA,NA,NA,NA,5.09,5.1,4.97,5.01,4087296,5.01,-0.073465541110493,11.69,11.69,11.41,11.44,939400,11.090208,-0.0942065416816531,15.45,17.219999,15.31,17.219999,9437659,17.219999,0.246664871542121,5.46795,5.47436,5.32051,5.32051,14482330,4.95265,-0.0816755673702095
"56",2018-04-27,NA,NA,NA,NA,NA,NA,NA,90.510002,97,90.510002,93.459999,10353823,92.618767,0.25792028781836,NA,NA,NA,NA,NA,NA,NA,NA,NA,NA,NA,NA,NA,NA,12.8,13.04,12.66,12.91,565000,12.565915,-0.0444195769837651,15.95,16.5,15.64,16.370001,11343935,16.370001,0.0683174020244515,4.08,4.08,4,4.04,3460290,4.04,-0.102956928147824,NA,NA,NA,NA,NA,NA,NA,NA,NA,NA,NA,NA,NA,NA,18.700001,19,18.559999,18.83,2817296,18.530302,0.012339970931853,NA,NA,NA,NA,NA,NA,NA,NA,NA,NA,NA,NA,NA,NA,NA,NA,NA,NA,NA,NA,NA,NA,NA,NA,NA,NA,NA,NA,NA,NA,NA,NA,NA,NA,NA,NA,NA,NA,NA,NA,NA,NA,NA,NA,NA,NA,NA,NA,NA,4.5,4.67143,4.5,4.58571,8970297,4.562285,2.65,2.67,2.63,2.64,4498500,2.614277,-0.0912595058403938,0.184969143934773,NA,NA,NA,NA,NA,NA,NA,5.05,5.07,5,5.04,2474445,5.04,-0.067477517158397,11.46,11.79,11.39,11.43,943857,11.080516,-0.0950806675557789,17.219999,17.219999,17.219999,17.219999,0,17.219999,0.246664871542121,5.35256,5.41667,5.26923,5.39103,10360644,5.018294,-0.0684211988980142
"57",2018-05-02,NA,NA,NA,NA,NA,NA,NA,94.68,97.360001,93.629997,95.110001,6545224,94.253914,0.275574921005335,NA,NA,NA,NA,NA,NA,NA,NA,NA,NA,NA,NA,NA,NA,12.9,13.12,12.7,12.77,364000,12.429647,-0.0552638837227272,16.280001,16.49,15.82,16.02,10418554,16.02,0.0469367680220467,4.05,4.06,3.96,3.97,2311000,3.97,-0.120283660821092,NA,NA,NA,NA,NA,NA,NA,NA,NA,NA,NA,NA,NA,NA,18.809999,18.83,18.15,18.610001,3816942,18.313805,0.000656540236154801,NA,NA,NA,NA,NA,NA,NA,NA,NA,NA,NA,NA,NA,NA,NA,NA,NA,NA,NA,NA,NA,NA,NA,NA,NA,NA,NA,NA,NA,NA,NA,NA,NA,NA,NA,NA,NA,NA,NA,NA,NA,NA,NA,NA,NA,NA,NA,NA,NA,4.62857,4.65,4.35,4.39286,7749897,4.37042,2.64,2.66,2.63,2.65,3534637,2.624179,-0.0874716270525151,0.142914587497493,NA,NA,NA,NA,NA,NA,NA,NA,NA,NA,NA,NA,NA,NA,11.56,12.38,11.56,12.24,5285894,11.865747,-0.0242145258234954,17.219999,17.219999,17.219999,17.219999,0,17.219999,0.246664871542121,5.39103,5.45513,5.28846,5.3141,11016389,4.946682,-0.0826911992504515
"58",2018-05-03,NA,NA,NA,NA,NA,NA,NA,94.709999,94.800003,92.589996,93.970001,5080106,93.124176,0.263588799798165,NA,NA,NA,NA,NA,NA,NA,NA,NA,NA,NA,NA,NA,NA,12.77,12.98,12.56,12.95,497100,12.60485,-0.0411683473092582,15.88,16.209999,15.28,16.129999,9936158,16.129999,0.0538031225788509,3.97,4.02,3.95,4.01,2281600,4.01,-0.110208094070462,NA,NA,NA,NA,NA,NA,NA,NA,NA,NA,NA,NA,NA,NA,18.58,18.59,18.1,18.5,2644859,18.205553,-0.00525431382559405,NA,NA,NA,NA,NA,NA,NA,NA,NA,NA,NA,NA,NA,NA,NA,NA,NA,NA,NA,NA,NA,NA,NA,NA,NA,NA,NA,NA,NA,NA,NA,NA,NA,NA,NA,NA,NA,NA,NA,NA,NA,NA,NA,NA,NA,NA,NA,NA,NA,4.38571,4.48571,4.30714,4.47857,5583690,4.455692,2.63,2.65,2.59,2.64,5830939,2.614277,-0.0912452119581754,0.162425794319473,NA,NA,NA,NA,NA,NA,NA,NA,NA,NA,NA,NA,NA,NA,12.23,12.37,12.01,12.32,3220326,11.943301,-0.0176785781110771,16.200001,18.76,15.7,18.76,17345766,18.76,0.336095829116509,5.33333,5.37179,5.26923,5.34615,9310423,4.976517,-0.0766600745068449
"59",2018-04-18,NA,NA,NA,NA,NA,NA,NA,85.43,86,82.279999,85.160004,5700211,84.393478,0.163306942841458,10.23,11.04,10.23,11.03,87895815,10.874812,0.063775219901009,6.16,6.49,6.13,6.35,68745983,6.196769,0.0681409708028068,NA,NA,NA,NA,NA,NA,NA,NA,NA,NA,NA,NA,NA,NA,NA,NA,NA,NA,NA,NA,NA,NA,NA,NA,NA,NA,NA,NA,NA,NA,NA,NA,NA,NA,NA,NA,NA,NA,NA,NA,NA,NA,NA,NA,NA,NA,NA,NA,NA,NA,NA,NA,NA,NA,NA,NA,NA,NA,NA,NA,NA,NA,NA,NA,NA,NA,NA,NA,NA,NA,NA,NA,NA,NA,NA,NA,NA,NA,NA,NA,NA,NA,NA,NA,NA,NA,NA,NA,NA,NA,NA,NA,NA,NA,NA,NA,NA,NA,NA,NA,NA,NA,NA,NA,NA,NA,NA,NA,NA,NA,NA,NA,NA,NA,NA,NA,NA,NA,NA,NA,NA,NA,NA,NA,NA,NA,NA,NA,NA,NA,NA,NA,NA,NA,NA,NA,NA,NA,NA,NA
"60",2018-04-18,NA,NA,NA,NA,NA,NA,NA,85.43,86,82.279999,85.160004,5700211,84.393478,0.163306942841458,10.23,11.04,10.23,11.03,87895815,10.874812,0.063775219901009,NA,NA,NA,NA,NA,NA,NA,13.8,14.09,13.5,14.07,718809,13.694999,0.03910256978212,17,17.58,16.309999,17.41,21918234,17.41,0.127301904797339,4.13,4.14,3.97,4.08,3148584,4.08,-0.0941254469303308,NA,NA,NA,NA,NA,NA,NA,16.9949,17.234699,16.5306,17.1429,1711511,16.857702,0.0375826551926611,19.129999,19.35,18,18.73,7718772,18.431892,0.00247346407694726,8.05,8.17,7.93,8.16,3999612,8.039082,-0.00973229424287392,NA,NA,NA,NA,NA,NA,NA,NA,NA,NA,NA,NA,NA,NA,5.99,6.01,5.87,5.98,1421660,5.818891,-0.0379337321526528,NA,NA,NA,NA,NA,NA,NA,NA,NA,NA,NA,NA,NA,NA,6.86428,6.90714,6.79286,6.86428,15867068,6.521051,-0.01072935452326,3.95714,3.95714,3.95714,3.95714,0,3.936926,2.68,2.7,2.64,2.69,5378006,2.66379,-0.0727985572284205,0.027354803520278,4.64,4.64,4.32,4.54,2522268,4.476087,-0.150607438704091,5.18,5.23,5.12,5.21,3330501,5.21,-0.0354807758817992,11.89,12.07,11.71,12.03,864765,11.662169,-0.0448137936417449,13.82,14.39,13.45,14.3,2122248,14.3,0.0535921952041046,5.64103,5.64744,5.44231,5.55769,16882198,5.173431,-0.0396057735429287
"61",2018-04-19,NA,NA,NA,NA,NA,NA,NA,85.389999,86.580002,84.330002,85.5,3175006,84.730415,0.167299380418141,10.95,12.13,10.9,11.73,89453373,11.564963,0.127238501859305,6.3,6.34,6.17,6.19,23968092,6.04063,0.0429441204091061,NA,NA,NA,NA,NA,NA,NA,NA,NA,NA,NA,NA,NA,NA,NA,NA,NA,NA,NA,NA,NA,NA,NA,NA,NA,NA,NA,NA,NA,NA,NA,NA,NA,NA,NA,NA,NA,NA,NA,NA,NA,NA,NA,NA,NA,NA,NA,NA,NA,NA,NA,NA,NA,NA,NA,NA,NA,NA,NA,NA,NA,NA,NA,NA,NA,NA,NA,NA,NA,NA,NA,NA,NA,NA,NA,NA,NA,NA,NA,NA,NA,NA,NA,NA,NA,NA,NA,NA,NA,NA,NA,NA,NA,NA,NA,NA,NA,NA,NA,NA,NA,NA,NA,NA,NA,NA,NA,NA,NA,NA,NA,NA,NA,NA,NA,NA,NA,NA,NA,NA,NA,NA,NA,NA,NA,NA,NA,NA,NA,NA,NA,NA,NA,NA,NA,NA,NA,NA,NA,NA
"62",2018-04-19,NA,NA,NA,NA,NA,NA,NA,85.389999,86.580002,84.330002,85.5,3175006,84.730415,0.167299380418141,10.95,12.13,10.9,11.73,89453373,11.564963,0.127238501859305,NA,NA,NA,NA,NA,NA,NA,13.83,13.83,13.36,13.58,1596900,13.218058,0.00427669913535378,17.379999,17.450001,16.73,16.870001,17328320,16.870001,0.0962853051419686,4.07,4.11,4.05,4.08,2036185,4.08,-0.0941254469303308,NA,NA,NA,NA,NA,NA,NA,17.239799,17.601999,16.9694,17.398001,1356776,17.108561,0.0524635096571916,18.75,20.370001,18.51,20.129999,11220942,19.809608,0.077219806842564,8.1,8.22,8.09,8.17,2640630,8.048933,-0.00850680404679549,NA,NA,NA,NA,NA,NA,NA,NA,NA,NA,NA,NA,NA,NA,6,6.18,5.97,6.14,3371399,5.97458,-0.0111778793098435,NA,NA,NA,NA,NA,NA,NA,NA,NA,NA,NA,NA,NA,NA,6.82857,6.90714,6.8,6.87857,10699141,6.534626,-0.00864756298794955,3.95714,3.95714,3.95714,3.95714,0,3.936926,2.68,2.71,2.67,2.69,3376302,2.66379,-0.0727985572284205,0.027354803520278,4.55,4.56,4.42,4.52,2827927,4.456369,-0.155012725047703,5.21,5.26,5.17,5.22,3373300,5.22,-0.0335613900852541,12.09,12.17,11.94,12.15,932932,11.7785,-0.0348387312976052,14.31,15.23,14.13,14.92,3814968,14.92,0.0969488385607479,5.52564,5.64103,5.51282,5.62179,17568384,5.233099,-0.0280722047400628
"63",2018-04-20,NA,NA,NA,NA,NA,NA,NA,85.029999,87.459999,85,85.68,3501350,84.908791,0.169404643576035,11.8,11.92,11.52,11.69,39289496,11.525526,0.12382844218326,NA,NA,NA,NA,NA,NA,NA,13.45,13.69,12.93,13,1428000,12.653517,-0.0384331683167817,17.030001,17.190001,16.33,16.51,13132597,16.51,0.0749455909356685,4.08,4.08,3.97,3.98,1851275,3.98,-0.118635250851899,NA,NA,NA,NA,NA,NA,NA,17.316299,17.566299,17.020399,17.0867,849573,16.802439,0.034570591959348,19.85,19.870001,19.25,19.33,7752858,19.022343,0.0374781754594724,NA,NA,NA,NA,NA,NA,NA,NA,NA,NA,NA,NA,NA,NA,NA,NA,NA,NA,NA,NA,NA,6.1,6.15,6.03,6.06,3823840,5.896735,-0.0242071952707555,NA,NA,NA,NA,NA,NA,NA,NA,NA,NA,NA,NA,NA,NA,6.87857,6.89286,6.64286,6.87143,21489364,6.527843,-0.00968556943405674,4.37143,4.63571,4.35,4.49286,28547733,4.469909,2.69,2.69,2.64,2.66,6294461,2.634082,-0.0839509735852978,0.162735406683169,4.51,4.51,4.36,4.37,3078460,4.30848,-0.188198565755668,5.19,5.21,5.01,5.03,6015070,5.03,-0.0699598575182041,12.23,12.23,11.78,11.81,1347489,11.448896,-0.0628222703922554,14.74,15.55,14.6,14.95,3815202,14.95,0.0989595624213376,5.61538,5.6282,5.37179,5.3782,23173016,5.006351,-0.0714018203962862
"64",2018-04-20,NA,NA,NA,NA,NA,NA,NA,85.029999,87.459999,85,85.68,3501350,84.908791,0.169404643576035,11.8,11.92,11.52,11.69,39289496,11.525526,0.12382844218326,6.14,6.21,6.03,6.07,23632279,5.923526,0.0235580137855197,NA,NA,NA,NA,NA,NA,NA,NA,NA,NA,NA,NA,NA,NA,NA,NA,NA,NA,NA,NA,NA,NA,NA,NA,NA,NA,NA,NA,NA,NA,NA,NA,NA,NA,NA,NA,NA,NA,NA,NA,NA,NA,NA,NA,NA,NA,NA,NA,NA,NA,NA,NA,NA,NA,NA,NA,NA,NA,NA,NA,NA,NA,NA,NA,NA,NA,NA,NA,NA,NA,NA,NA,NA,NA,NA,NA,NA,NA,NA,NA,NA,NA,NA,NA,NA,NA,NA,NA,NA,NA,NA,NA,NA,NA,NA,NA,NA,NA,NA,NA,NA,NA,NA,NA,NA,NA,NA,NA,NA,NA,NA,NA,NA,NA,NA,NA,NA,NA,NA,NA,NA,NA,NA,NA,NA,NA,NA,NA,NA,NA,NA,NA,NA,NA,NA,NA,NA,NA,NA,NA
"65",2018-04-23,NA,NA,NA,NA,NA,NA,NA,85.669998,87.68,85.669998,86.769997,3623323,85.988976,0.182126363930844,NA,NA,NA,NA,NA,NA,NA,NA,NA,NA,NA,NA,NA,NA,12.9,13.15,12.71,12.86,534300,12.517248,-0.0492023990860125,16.549999,16.74,15.11,15.72,16037210,15.72,0.0270958029284002,3.99,4,3.89,3.94,2093541,3.94,-0.128685502108181,NA,NA,NA,NA,NA,NA,NA,NA,NA,NA,NA,NA,NA,NA,19.040001,19.48,18.1,18.66,6396683,18.363007,0.00281702698559771,NA,NA,NA,NA,NA,NA,NA,NA,NA,NA,NA,NA,NA,NA,NA,NA,NA,NA,NA,NA,NA,6.05,6.25,6.05,6.21,7584058,6.042694,0.000545279976769231,NA,NA,NA,NA,NA,NA,NA,NA,NA,NA,NA,NA,NA,NA,NA,NA,NA,NA,NA,NA,NA,4.28571,4.71428,4.22143,4.71428,26388231,4.690198,2.65,2.67,2.62,2.65,4638836,2.624179,-0.0877103720815385,0.212018046249057,4.4,4.46,4.32,4.36,1868351,4.298622,-0.190486895275119,5.04,5.08,4.95,4.97,4081600,4.97,-0.0818882869416635,11.78,11.9,11.46,11.56,1271356,11.20654,-0.0839907716623655,14.88,15.06,14.31,14.57,2368170,14.57,0.0735415022206688,5.46795,5.46795,5.32051,5.40385,10139853,5.030228,-0.0666325667426474
"66",2018-04-24,NA,NA,NA,NA,NA,NA,NA,86.110001,88.480003,86.110001,88.029999,3957258,87.23764,0.196647535344507,NA,NA,NA,NA,NA,NA,NA,NA,NA,NA,NA,NA,NA,NA,12.97,13.25,12.86,13.22,725800,12.867653,-0.0212086199258258,15.76,16.219999,15.63,16.209999,13436423,16.209999,0.0582662227757283,3.96,4.03,3.93,4.02,2206701,4.02,-0.108380933580262,NA,NA,NA,NA,NA,NA,NA,NA,NA,NA,NA,NA,NA,NA,18.67,19.129999,18.620001,19,4005181,18.697596,0.021037820126005,NA,NA,NA,NA,NA,NA,NA,NA,NA,NA,NA,NA,NA,NA,NA,NA,NA,NA,NA,NA,NA,6.19,6.38,6.15,6.37,7651149,6.198383,0.0263101753068821,NA,NA,NA,NA,NA,NA,NA,NA,NA,NA,NA,NA,NA,NA,NA,NA,NA,NA,NA,NA,NA,4.63571,4.87857,4.53571,4.68571,21312387,4.661774,2.65,2.7,2.64,2.69,5193570,2.66379,-0.072616032458897,0.205957735872924,4.38,4.47,4.34,4.44,1918400,4.377495,-0.172138271421907,4.98,5.09,4.98,5.08,3396501,5.08,-0.0597554901609794,11.56,11.75,11.56,11.71,1091801,11.351954,-0.0710149931156526,14.5,15.2,14.32,15.13,2973470,15.13,0.111976642920738,5.40385,5.50641,5.39103,5.5,12361561,5.11973,-0.0488396968443342
"67",2018-04-25,NA,NA,NA,NA,NA,NA,NA,87.970001,90.68,87.400002,89.980003,6235154,89.170097,0.218799120283182,NA,NA,NA,NA,NA,NA,NA,NA,NA,NA,NA,NA,NA,NA,13.2,13.35,13.1,13.33,669154,12.974722,-0.01288789375336,16.049999,16.58,16.01,16.24,13161505,16.24,0.0601169940188356,4.01,4.07,3.96,4.05,3253504,4.05,-0.100918247013098,NA,NA,NA,NA,NA,NA,NA,NA,NA,NA,NA,NA,NA,NA,18.950001,19.280001,18.82,18.99,3427873,18.687754,0.0205115043365312,NA,NA,NA,NA,NA,NA,NA,NA,NA,NA,NA,NA,NA,NA,NA,NA,NA,NA,NA,NA,NA,NA,NA,NA,NA,NA,NA,NA,NA,NA,NA,NA,NA,NA,NA,NA,NA,NA,NA,NA,NA,NA,NA,NA,NA,NA,NA,NA,NA,4.66429,4.66429,4.51429,4.53571,11740668,4.51254,2.67,2.7,2.67,2.69,4289440,2.66379,-0.072616032458897,0.173945511471499,NA,NA,NA,NA,NA,NA,NA,5.06,5.11,5.04,5.1,3624624,5.1,-0.0558184822869636,11.68,11.68,11.56,11.57,1212618,11.216234,-0.0829705866254733,14.98,16.379999,14.85,15.65,5827358,15.65,0.146345446621993,5.44231,5.47436,5.39103,5.45513,12994959,5.077962,-0.056997878662516
"68",2018-05-11,NA,NA,NA,NA,NA,NA,NA,NA,NA,NA,NA,NA,NA,NA,NA,NA,NA,NA,NA,NA,NA,NA,NA,NA,NA,NA,NA,NA,NA,NA,NA,NA,NA,NA,NA,16.07,16.07,15.62,15.64,7546949,15.64,0.0242280777617163,NA,NA,NA,NA,NA,NA,NA,NA,NA,NA,NA,NA,NA,NA,NA,NA,NA,NA,NA,NA,NA,19.059999,19.48,19.040001,19.32,5229982,19.012503,0.0387889104332472,NA,NA,NA,NA,NA,NA,NA,NA,NA,NA,NA,NA,NA,NA,NA,NA,NA,NA,NA,NA,NA,NA,NA,NA,NA,NA,NA,NA,NA,NA,NA,NA,NA,NA,NA,NA,NA,NA,NA,NA,NA,NA,NA,NA,NA,NA,NA,NA,NA,NA,NA,NA,NA,NA,NA,NA,NA,NA,NA,NA,NA,NA,NA,NA,NA,NA,NA,NA,NA,NA,NA,NA,NA,NA,NA,NA,NA,12.59,12.89,12.56,12.73,3402238,12.340765,0.0153356130861526,NA,NA,NA,NA,NA,NA,NA,NA,NA,NA,NA,NA,NA,NA
"69",2018-05-11,NA,NA,NA,NA,NA,NA,NA,NA,NA,NA,NA,NA,NA,NA,NA,NA,NA,NA,NA,NA,NA,NA,NA,NA,NA,NA,NA,NA,NA,NA,NA,NA,NA,NA,NA,16.07,16.07,15.62,15.64,7546949,15.64,0.0242280777617163,NA,NA,NA,NA,NA,NA,NA,NA,NA,NA,NA,NA,NA,NA,NA,NA,NA,NA,NA,NA,NA,19.059999,19.48,19.040001,19.32,5229982,19.012503,0.0387889104332472,NA,NA,NA,NA,NA,NA,NA,NA,NA,NA,NA,NA,NA,NA,NA,NA,NA,NA,NA,NA,NA,NA,NA,NA,NA,NA,NA,NA,NA,NA,NA,NA,NA,NA,NA,NA,NA,NA,NA,NA,NA,NA,NA,NA,NA,NA,NA,NA,NA,4.57143,4.60714,4.47143,4.49286,6399160,4.469909,2.7,2.72,2.69,2.7,3544716,2.673692,-0.0686044169045138,NA,NA,NA,NA,NA,NA,NA,NA,NA,NA,NA,NA,NA,NA,NA,NA,NA,NA,NA,NA,NA,NA,NA,NA,NA,NA,NA,NA,NA,NA,NA,NA,NA,NA,NA,NA
"70",2018-05-08,NA,NA,NA,NA,NA,NA,NA,NA,NA,NA,NA,NA,NA,NA,NA,NA,NA,NA,NA,NA,NA,NA,NA,NA,NA,NA,NA,NA,13.28,13.45,13.22,13.27,449399,12.916321,-0.0162985515779326,16.17,16.299999,16.01,16.24,7576533,16.24,0.0613250250402338,4.05,4.09,4.03,4.07,3300157,4.07,-0.0952388054693046,NA,NA,NA,NA,NA,NA,NA,NA,NA,NA,NA,NA,NA,NA,19,19.530001,18.940001,19.4,5387388,19.091228,0.0427624957249819,NA,NA,NA,NA,NA,NA,NA,NA,NA,NA,NA,NA,NA,NA,NA,NA,NA,NA,NA,NA,NA,NA,NA,NA,NA,NA,NA,NA,NA,NA,NA,NA,NA,NA,NA,NA,NA,NA,NA,NA,NA,NA,NA,NA,NA,NA,NA,NA,NA,NA,NA,NA,NA,NA,NA,NA,NA,NA,NA,NA,NA,NA,NA,NA,NA,NA,NA,NA,NA,NA,NA,NA,NA,NA,NA,NA,NA,12.48,12.64,12.45,12.57,1977921,12.185658,0.00256939587704585,NA,NA,NA,NA,NA,NA,NA,NA,NA,NA,NA,NA,NA,NA
"71",2018-05-08,NA,NA,NA,NA,NA,NA,NA,NA,NA,NA,NA,NA,NA,NA,NA,NA,NA,NA,NA,NA,NA,NA,NA,NA,NA,NA,NA,NA,13.28,13.45,13.22,13.27,449399,12.916321,-0.0162985515779326,16.17,16.299999,16.01,16.24,7576533,16.24,0.0613250250402338,4.05,4.09,4.03,4.07,3300157,4.07,-0.0952388054693046,NA,NA,NA,NA,NA,NA,NA,NA,NA,NA,NA,NA,NA,NA,19,19.530001,18.940001,19.4,5387388,19.091228,0.0427624957249819,NA,NA,NA,NA,NA,NA,NA,NA,NA,NA,NA,NA,NA,NA,NA,NA,NA,NA,NA,NA,NA,NA,NA,NA,NA,NA,NA,NA,NA,NA,NA,NA,NA,NA,NA,NA,NA,NA,NA,NA,NA,NA,NA,NA,NA,NA,NA,NA,NA,4.45,4.65,4.4,4.63571,9225017,4.612029,2.69,2.7,2.67,2.69,5508092,2.66379,-0.0723493242420631,NA,NA,NA,NA,NA,NA,NA,NA,NA,NA,NA,NA,NA,NA,NA,NA,NA,NA,NA,NA,NA,NA,NA,NA,NA,NA,NA,NA,NA,NA,NA,NA,NA,NA,NA,NA
"72",2018-05-04,NA,NA,NA,NA,NA,NA,NA,94.449997,96.480003,93.68,95.639999,4045190,94.779144,0.281360407569033,NA,NA,NA,NA,NA,NA,NA,NA,NA,NA,NA,NA,NA,NA,12.9,13.07,12.82,12.89,484500,12.546449,-0.0458015519424627,15.9,16.27,15.65,15.72,9497092,15.72,0.0283847081077774,4.01,4.02,3.99,4,1801315,4,-0.112701859656497,NA,NA,NA,NA,NA,NA,NA,NA,NA,NA,NA,NA,NA,NA,18.41,18.959999,18.4,18.559999,2976413,18.264597,-0.00201112463640474,NA,NA,NA,NA,NA,NA,NA,NA,NA,NA,NA,NA,NA,NA,NA,NA,NA,NA,NA,NA,NA,NA,NA,NA,NA,NA,NA,NA,NA,NA,NA,NA,NA,NA,NA,NA,NA,NA,NA,NA,NA,NA,NA,NA,NA,NA,NA,NA,NA,NA,NA,NA,NA,NA,NA,NA,NA,NA,NA,NA,NA,NA,NA,NA,NA,NA,NA,NA,NA,NA,NA,NA,NA,NA,NA,NA,NA,12.21,12.38,12.2,12.33,1950267,11.952996,-0.0168668897993889,18.08,20.639999,17.780001,19.66,29665028,19.66,0.384070242762564,5.35897,5.37179,5.30769,5.33333,7517789,4.964584,-0.0790580618435264
"73",2018-05-04,NA,NA,NA,NA,NA,NA,NA,94.449997,96.480003,93.68,95.639999,4045190,94.779144,0.281360407569033,NA,NA,NA,NA,NA,NA,NA,NA,NA,NA,NA,NA,NA,NA,12.9,13.07,12.82,12.89,484500,12.546449,-0.0458015519424627,15.9,16.27,15.65,15.72,9497092,15.72,0.0283847081077774,4.01,4.02,3.99,4,1801315,4,-0.112701859656497,NA,NA,NA,NA,NA,NA,NA,NA,NA,NA,NA,NA,NA,NA,18.41,18.959999,18.4,18.559999,2976413,18.264597,-0.00201112463640474,NA,NA,NA,NA,NA,NA,NA,NA,NA,NA,NA,NA,NA,NA,NA,NA,NA,NA,NA,NA,NA,NA,NA,NA,NA,NA,NA,NA,NA,NA,NA,NA,NA,NA,NA,NA,NA,NA,NA,NA,NA,NA,NA,NA,NA,NA,NA,NA,NA,4.46428,4.47857,4.35714,4.39286,4253009,4.37042,2.64,2.67,2.63,2.67,4518237,2.643985,-0.0798815755945391,NA,NA,NA,NA,NA,NA,NA,NA,NA,NA,NA,NA,NA,NA,NA,NA,NA,NA,NA,NA,NA,NA,NA,NA,NA,NA,NA,NA,NA,NA,NA,NA,NA,NA,NA,NA
"74",2018-05-07,NA,NA,NA,NA,NA,NA,NA,96,98.879997,94.900002,98.25,5435993,97.365654,0.308650255198579,NA,NA,NA,NA,NA,NA,NA,NA,NA,NA,NA,NA,NA,NA,12.93,13.42,12.82,13.28,603599,12.926054,-0.0155455395297398,15.74,16.16,15.74,16.16,10452017,16.16,0.0563745299907289,4,4.08,3.99,4.06,3115770,4.06,-0.097701859656497,NA,NA,NA,NA,NA,NA,NA,NA,NA,NA,NA,NA,NA,NA,18.559999,19.1,18.549999,19.049999,3323821,18.746798,0.0243897388550209,NA,NA,NA,NA,NA,NA,NA,NA,NA,NA,NA,NA,NA,NA,NA,NA,NA,NA,NA,NA,NA,NA,NA,NA,NA,NA,NA,NA,NA,NA,NA,NA,NA,NA,NA,NA,NA,NA,NA,NA,NA,NA,NA,NA,NA,NA,NA,NA,NA,NA,NA,NA,NA,NA,NA,NA,NA,NA,NA,NA,NA,NA,NA,NA,NA,NA,NA,NA,NA,NA,NA,NA,NA,NA,NA,NA,NA,12.36,12.66,12.27,12.55,2695022,12.166269,0.000975770379037844,NA,NA,NA,NA,NA,NA,NA,NA,NA,NA,NA,NA,NA,NA
"75",2018-05-07,NA,NA,NA,NA,NA,NA,NA,96,98.879997,94.900002,98.25,5435993,97.365654,0.308650255198579,NA,NA,NA,NA,NA,NA,NA,NA,NA,NA,NA,NA,NA,NA,12.93,13.42,12.82,13.28,603599,12.926054,-0.0155455395297398,15.74,16.16,15.74,16.16,10452017,16.16,0.0563745299907289,4,4.08,3.99,4.06,3115770,4.06,-0.097701859656497,NA,NA,NA,NA,NA,NA,NA,NA,NA,NA,NA,NA,NA,NA,18.559999,19.1,18.549999,19.049999,3323821,18.746798,0.0243897388550209,NA,NA,NA,NA,NA,NA,NA,NA,NA,NA,NA,NA,NA,NA,NA,NA,NA,NA,NA,NA,NA,NA,NA,NA,NA,NA,NA,NA,NA,NA,NA,NA,NA,NA,NA,NA,NA,NA,NA,NA,NA,NA,NA,NA,NA,NA,NA,NA,NA,4.39286,4.45714,4.36428,4.45,3752550,4.427268,2.67,2.71,2.66,2.7,5944834,2.673692,-0.0686456205383593,NA,NA,NA,NA,NA,NA,NA,NA,NA,NA,NA,NA,NA,NA,NA,NA,NA,NA,NA,NA,NA,NA,NA,NA,NA,NA,NA,NA,NA,NA,NA,NA,NA,NA,NA,NA
"76",2020-04-23,NA,NA,NA,NA,NA,NA,NA,NA,NA,NA,NA,NA,NA,NA,NA,NA,NA,NA,NA,NA,NA,2.79,2.8,2.76,2.78,5532540,2.78,-0.108086648874565,NA,NA,NA,NA,NA,NA,NA,NA,NA,NA,NA,NA,NA,NA,NA,NA,NA,NA,NA,NA,NA,NA,NA,NA,NA,NA,NA,NA,NA,NA,NA,NA,NA,NA,NA,NA,NA,NA,NA,NA,NA,NA,NA,NA,NA,NA,NA,NA,NA,NA,NA,NA,NA,NA,NA,NA,NA,NA,NA,NA,NA,NA,NA,NA,NA,NA,NA,NA,NA,NA,NA,NA,NA,NA,NA,NA,NA,NA,NA,NA,NA,NA,NA,NA,NA,NA,NA,NA,NA,NA,NA,NA,NA,NA,NA,NA,NA,NA,NA,NA,NA,NA,NA,NA,NA,NA,NA,NA,NA,NA,NA,NA,NA,NA,NA,NA,NA,NA,NA,NA,NA,NA,NA,NA,NA,NA,NA,NA,NA,NA,NA,NA,NA,NA,NA,NA,NA,NA,NA,NA
"77",2020-04-24,NA,NA,NA,NA,NA,NA,NA,NA,NA,NA,NA,NA,NA,NA,NA,NA,NA,NA,NA,NA,NA,2.78,2.78,2.72,2.72,5171622,2.72,-0.129669382687514,NA,NA,NA,NA,NA,NA,NA,NA,NA,NA,NA,NA,NA,NA,NA,NA,NA,NA,NA,NA,NA,NA,NA,NA,NA,NA,NA,NA,NA,NA,NA,NA,NA,NA,NA,NA,NA,NA,NA,NA,NA,NA,NA,NA,NA,NA,NA,NA,NA,NA,NA,NA,NA,NA,NA,NA,NA,NA,NA,NA,NA,NA,NA,NA,NA,NA,NA,NA,NA,NA,NA,NA,NA,NA,NA,NA,NA,NA,NA,NA,NA,NA,NA,NA,NA,NA,NA,NA,NA,NA,NA,NA,NA,NA,NA,NA,NA,NA,NA,NA,NA,NA,NA,NA,NA,NA,NA,NA,NA,NA,NA,NA,NA,NA,NA,NA,NA,NA,NA,NA,NA,NA,NA,NA,NA,NA,NA,NA,NA,NA,NA,NA,NA,NA,NA,NA,NA,NA,NA,NA
"78",2020-04-27,NA,NA,NA,NA,NA,NA,NA,NA,NA,NA,NA,NA,NA,NA,NA,NA,NA,NA,NA,NA,NA,2.73,2.76,2.72,2.73,4584315,2.73,-0.125992912099279,NA,NA,NA,NA,NA,NA,NA,NA,NA,NA,NA,NA,NA,NA,NA,NA,NA,NA,NA,NA,NA,NA,NA,NA,NA,NA,NA,NA,NA,NA,NA,NA,NA,NA,NA,NA,NA,NA,NA,NA,NA,NA,NA,NA,NA,NA,NA,NA,NA,NA,NA,NA,NA,NA,NA,NA,NA,NA,NA,NA,NA,NA,NA,NA,NA,NA,NA,NA,NA,NA,NA,NA,NA,NA,NA,NA,NA,NA,NA,NA,NA,NA,NA,NA,NA,NA,NA,NA,NA,NA,NA,NA,NA,NA,NA,NA,NA,NA,NA,NA,NA,NA,NA,NA,NA,NA,NA,NA,NA,NA,NA,NA,NA,NA,NA,NA,NA,NA,NA,NA,NA,NA,NA,NA,NA,NA,NA,NA,NA,NA,NA,NA,NA,NA,NA,NA,NA,NA,NA,NA
"79",2020-04-09,NA,NA,NA,NA,NA,NA,NA,NA,NA,NA,NA,NA,NA,NA,NA,NA,NA,NA,NA,NA,NA,2.8,2.85,2.78,2.83,14501469,2.83,-0.091242508999225,NA,NA,NA,NA,NA,NA,NA,NA,NA,NA,NA,NA,NA,NA,NA,NA,NA,NA,NA,NA,NA,NA,NA,NA,NA,NA,NA,NA,NA,NA,NA,NA,NA,NA,NA,NA,NA,NA,NA,NA,NA,NA,NA,NA,NA,NA,NA,NA,NA,NA,NA,NA,NA,NA,NA,NA,NA,NA,NA,NA,NA,NA,NA,NA,NA,NA,NA,NA,NA,NA,NA,NA,NA,NA,NA,NA,NA,NA,NA,NA,NA,NA,NA,NA,NA,NA,NA,NA,NA,NA,NA,NA,NA,NA,NA,NA,NA,NA,NA,NA,NA,NA,NA,NA,NA,NA,NA,NA,NA,NA,NA,NA,NA,NA,NA,NA,NA,NA,NA,NA,NA,NA,NA,NA,NA,NA,NA,NA,NA,NA,NA,NA,NA,NA,NA,NA,NA,NA,NA,NA
"80",2020-04-10,NA,NA,NA,NA,NA,NA,NA,NA,NA,NA,NA,NA,NA,NA,NA,NA,NA,NA,NA,NA,NA,2.83,2.84,2.75,2.75,9661777,2.75,-0.119511060235974,NA,NA,NA,NA,NA,NA,NA,NA,NA,NA,NA,NA,NA,NA,NA,NA,NA,NA,NA,NA,NA,NA,NA,NA,NA,NA,NA,NA,NA,NA,NA,NA,NA,NA,NA,NA,NA,NA,NA,NA,NA,NA,NA,NA,NA,NA,NA,NA,NA,NA,NA,NA,NA,NA,NA,NA,NA,NA,NA,NA,NA,NA,NA,NA,NA,NA,NA,NA,NA,NA,NA,NA,NA,NA,NA,NA,NA,NA,NA,NA,NA,NA,NA,NA,NA,NA,NA,NA,NA,NA,NA,NA,NA,NA,NA,NA,NA,NA,NA,NA,NA,NA,NA,NA,NA,NA,NA,NA,NA,NA,NA,NA,NA,NA,NA,NA,NA,NA,NA,NA,NA,NA,NA,NA,NA,NA,NA,NA,NA,NA,NA,NA,NA,NA,NA,NA,NA,NA,NA,NA
"81",2020-04-13,NA,NA,NA,NA,NA,NA,NA,NA,NA,NA,NA,NA,NA,NA,NA,NA,NA,NA,NA,NA,NA,2.73,2.74,2.7,2.72,5386380,2.72,-0.130420151145065,NA,NA,NA,NA,NA,NA,NA,NA,NA,NA,NA,NA,NA,NA,NA,NA,NA,NA,NA,NA,NA,NA,NA,NA,NA,NA,NA,NA,NA,NA,NA,NA,NA,NA,NA,NA,NA,NA,NA,NA,NA,NA,NA,NA,NA,NA,NA,NA,NA,NA,NA,NA,NA,NA,NA,NA,NA,NA,NA,NA,NA,NA,NA,NA,NA,NA,NA,NA,NA,NA,NA,NA,NA,NA,NA,NA,NA,NA,NA,NA,NA,NA,NA,NA,NA,NA,NA,NA,NA,NA,NA,NA,NA,NA,NA,NA,NA,NA,NA,NA,NA,NA,NA,NA,NA,NA,NA,NA,NA,NA,NA,NA,NA,NA,NA,NA,NA,NA,NA,NA,NA,NA,NA,NA,NA,NA,NA,NA,NA,NA,NA,NA,NA,NA,NA,NA,NA,NA,NA,NA
"82",2020-04-14,NA,NA,NA,NA,NA,NA,NA,NA,NA,NA,NA,NA,NA,NA,NA,NA,NA,NA,NA,NA,NA,2.73,2.77,2.72,2.76,5639191,2.76,-0.115714268792124,NA,NA,NA,NA,NA,NA,NA,NA,NA,NA,NA,NA,NA,NA,NA,NA,NA,NA,NA,NA,NA,NA,NA,NA,NA,NA,NA,NA,NA,NA,NA,NA,NA,NA,NA,NA,NA,NA,NA,NA,NA,NA,NA,NA,NA,NA,NA,NA,NA,NA,NA,NA,NA,NA,NA,NA,NA,NA,NA,NA,NA,NA,NA,NA,NA,NA,NA,NA,NA,NA,NA,NA,NA,NA,NA,NA,NA,NA,NA,NA,NA,NA,NA,NA,NA,NA,NA,NA,NA,NA,NA,NA,NA,NA,NA,NA,NA,NA,NA,NA,NA,NA,NA,NA,NA,NA,NA,NA,NA,NA,NA,NA,NA,NA,NA,NA,NA,NA,NA,NA,NA,NA,NA,NA,NA,NA,NA,NA,NA,NA,NA,NA,NA,NA,NA,NA,NA,NA,NA,NA
"83",2020-04-15,NA,NA,NA,NA,NA,NA,NA,NA,NA,NA,NA,NA,NA,NA,NA,NA,NA,NA,NA,NA,NA,2.76,2.77,2.72,2.74,6227800,2.74,-0.122960645603718,NA,NA,NA,NA,NA,NA,NA,NA,NA,NA,NA,NA,NA,NA,NA,NA,NA,NA,NA,NA,NA,NA,NA,NA,NA,NA,NA,NA,NA,NA,NA,NA,NA,NA,NA,NA,NA,NA,NA,NA,NA,NA,NA,NA,NA,NA,NA,NA,NA,NA,NA,NA,NA,NA,NA,NA,NA,NA,NA,NA,NA,NA,NA,NA,NA,NA,NA,NA,NA,NA,NA,NA,NA,NA,NA,NA,NA,NA,NA,NA,NA,NA,NA,NA,NA,NA,NA,NA,NA,NA,NA,NA,NA,NA,NA,NA,NA,NA,NA,NA,NA,NA,NA,NA,NA,NA,NA,NA,NA,NA,NA,NA,NA,NA,NA,NA,NA,NA,NA,NA,NA,NA,NA,NA,NA,NA,NA,NA,NA,NA,NA,NA,NA,NA,NA,NA,NA,NA,NA,NA
"84",2020-04-16,NA,NA,NA,NA,NA,NA,NA,NA,NA,NA,NA,NA,NA,NA,NA,NA,NA,NA,NA,NA,NA,2.72,2.8,2.71,2.79,8967745,2.79,-0.104712470421236,NA,NA,NA,NA,NA,NA,NA,NA,NA,NA,NA,NA,NA,NA,NA,NA,NA,NA,NA,NA,NA,NA,NA,NA,NA,NA,NA,NA,NA,NA,NA,NA,NA,NA,NA,NA,NA,NA,NA,NA,NA,NA,NA,NA,NA,NA,NA,NA,NA,NA,NA,NA,NA,NA,NA,NA,NA,NA,NA,NA,NA,NA,NA,NA,NA,NA,NA,NA,NA,NA,NA,NA,NA,NA,NA,NA,NA,NA,NA,NA,NA,NA,NA,NA,NA,NA,NA,NA,NA,NA,NA,NA,NA,NA,NA,NA,NA,NA,NA,NA,NA,NA,NA,NA,NA,NA,NA,NA,NA,NA,NA,NA,NA,NA,NA,NA,NA,NA,NA,NA,NA,NA,NA,NA,NA,NA,NA,NA,NA,NA,NA,NA,NA,NA,NA,NA,NA,NA,NA,NA
"85",2018-05-09,NA,NA,NA,NA,NA,NA,NA,NA,NA,NA,NA,NA,NA,NA,NA,NA,NA,NA,NA,NA,NA,NA,NA,NA,NA,NA,NA,NA,13.4,13.48,13.15,13.39,606701,13.033122,-0.00725559754628224,16.23,16.559999,16.110001,16.370001,11517012,16.370001,0.0693300127249629,NA,NA,NA,NA,NA,NA,NA,NA,NA,NA,NA,NA,NA,NA,NA,NA,NA,NA,NA,NA,NA,19.299999,19.42,19.1,19.24,3161191,18.933777,0.0345150730445696,NA,NA,NA,NA,NA,NA,NA,NA,NA,NA,NA,NA,NA,NA,NA,NA,NA,NA,NA,NA,NA,NA,NA,NA,NA,NA,NA,NA,NA,NA,NA,NA,NA,NA,NA,NA,NA,NA,NA,NA,NA,NA,NA,NA,NA,NA,NA,NA,NA,4.59286,4.72143,4.54286,4.67143,7696607,4.647567,2.69,2.7,2.67,2.69,4027900,2.66379,-0.0723493242420631,NA,NA,NA,NA,NA,NA,NA,NA,NA,NA,NA,NA,NA,NA,NA,NA,NA,NA,NA,NA,NA,NA,NA,NA,NA,NA,NA,NA,NA,NA,NA,NA,NA,NA,NA,NA
"86",2018-05-09,NA,NA,NA,NA,NA,NA,NA,NA,NA,NA,NA,NA,NA,NA,NA,NA,NA,NA,NA,NA,NA,NA,NA,NA,NA,NA,NA,NA,13.4,13.48,13.15,13.39,606701,13.033122,-0.00725559754628224,16.23,16.559999,16.110001,16.370001,11517012,16.370001,0.0693300127249629,NA,NA,NA,NA,NA,NA,NA,NA,NA,NA,NA,NA,NA,NA,NA,NA,NA,NA,NA,NA,NA,19.299999,19.42,19.1,19.24,3161191,18.933777,0.0345150730445696,NA,NA,NA,NA,NA,NA,NA,NA,NA,NA,NA,NA,NA,NA,NA,NA,NA,NA,NA,NA,NA,NA,NA,NA,NA,NA,NA,NA,NA,NA,NA,NA,NA,NA,NA,NA,NA,NA,NA,NA,NA,NA,NA,NA,NA,NA,NA,NA,NA,NA,NA,NA,NA,NA,NA,NA,NA,NA,NA,NA,NA,NA,NA,NA,NA,NA,NA,NA,NA,NA,NA,NA,NA,NA,NA,NA,NA,12.55,12.6,12.4,12.5,1948957,12.117799,-0.0029994187609812,NA,NA,NA,NA,NA,NA,NA,NA,NA,NA,NA,NA,NA,NA
"87",2018-05-10,NA,NA,NA,NA,NA,NA,NA,NA,NA,NA,NA,NA,NA,NA,NA,NA,NA,NA,NA,NA,NA,NA,NA,NA,NA,NA,NA,NA,13.47,13.68,13.39,13.59,649953,13.227792,0.00768092224460637,16.299999,16.42,15.72,15.99,11567512,15.99,0.0461167581869821,NA,NA,NA,NA,NA,NA,NA,NA,NA,NA,NA,NA,NA,NA,NA,NA,NA,NA,NA,NA,NA,19.25,19.389999,18.879999,19.07,3612082,18.766481,0.0256793142088109,NA,NA,NA,NA,NA,NA,NA,NA,NA,NA,NA,NA,NA,NA,NA,NA,NA,NA,NA,NA,NA,NA,NA,NA,NA,NA,NA,NA,NA,NA,NA,NA,NA,NA,NA,NA,NA,NA,NA,NA,NA,NA,NA,NA,NA,NA,NA,NA,NA,4.68571,4.68571,4.57143,4.61428,4841597,4.590709,2.7,2.72,2.69,2.71,5794472,2.683595,-0.0649143800041448,NA,NA,NA,NA,NA,NA,NA,NA,NA,NA,NA,NA,NA,NA,NA,NA,NA,NA,NA,NA,NA,NA,NA,NA,NA,NA,NA,NA,NA,NA,NA,NA,NA,NA,NA,NA
"88",2018-05-10,NA,NA,NA,NA,NA,NA,NA,NA,NA,NA,NA,NA,NA,NA,NA,NA,NA,NA,NA,NA,NA,NA,NA,NA,NA,NA,NA,NA,13.47,13.68,13.39,13.59,649953,13.227792,0.00768092224460637,16.299999,16.42,15.72,15.99,11567512,15.99,0.0461167581869821,NA,NA,NA,NA,NA,NA,NA,NA,NA,NA,NA,NA,NA,NA,NA,NA,NA,NA,NA,NA,NA,19.25,19.389999,18.879999,19.07,3612082,18.766481,0.0256793142088109,NA,NA,NA,NA,NA,NA,NA,NA,NA,NA,NA,NA,NA,NA,NA,NA,NA,NA,NA,NA,NA,NA,NA,NA,NA,NA,NA,NA,NA,NA,NA,NA,NA,NA,NA,NA,NA,NA,NA,NA,NA,NA,NA,NA,NA,NA,NA,NA,NA,NA,NA,NA,NA,NA,NA,NA,NA,NA,NA,NA,NA,NA,NA,NA,NA,NA,NA,NA,NA,NA,NA,NA,NA,NA,NA,NA,NA,12.58,12.59,12.46,12.56,1591470,12.175964,0.00180058123901894,NA,NA,NA,NA,NA,NA,NA,NA,NA,NA,NA,NA,NA,NA
"89",2020-05-15,NA,NA,NA,NA,NA,NA,NA,NA,NA,NA,NA,NA,NA,NA,NA,NA,NA,NA,NA,NA,NA,2.76,2.83,2.74,2.81,10310830,2.81,-0.0955821954312862,NA,NA,NA,NA,NA,NA,NA,NA,NA,NA,NA,NA,NA,NA,NA,NA,NA,NA,NA,NA,NA,NA,NA,NA,NA,NA,NA,NA,NA,NA,NA,NA,NA,NA,NA,NA,NA,NA,NA,NA,NA,NA,NA,NA,NA,NA,NA,NA,NA,NA,NA,NA,NA,NA,NA,NA,NA,NA,NA,NA,NA,NA,NA,NA,NA,NA,NA,NA,NA,NA,NA,NA,NA,NA,NA,NA,NA,NA,NA,NA,NA,NA,NA,NA,NA,NA,NA,NA,NA,NA,NA,NA,NA,NA,NA,NA,NA,NA,NA,NA,NA,NA,NA,NA,NA,NA,NA,NA,NA,NA,NA,NA,NA,NA,NA,NA,NA,NA,NA,NA,NA,NA,NA,NA,NA,NA,NA,NA,NA,NA,NA,NA,NA,NA,NA,NA,NA,NA,NA,NA
"90",2020-05-18,NA,NA,NA,NA,NA,NA,NA,NA,NA,NA,NA,NA,NA,NA,NA,NA,NA,NA,NA,NA,NA,2.83,2.86,2.8,2.85,10050120,2.85,-0.0813473199864464,NA,NA,NA,NA,NA,NA,NA,NA,NA,NA,NA,NA,NA,NA,NA,NA,NA,NA,NA,NA,NA,NA,NA,NA,NA,NA,NA,NA,NA,NA,NA,NA,NA,NA,NA,NA,NA,NA,NA,NA,NA,NA,NA,NA,NA,NA,NA,NA,NA,NA,NA,NA,NA,NA,NA,NA,NA,NA,NA,NA,NA,NA,NA,NA,NA,NA,NA,NA,NA,NA,NA,NA,NA,NA,NA,NA,NA,NA,NA,NA,NA,NA,NA,NA,NA,NA,NA,NA,NA,NA,NA,NA,NA,NA,NA,NA,NA,NA,NA,NA,NA,NA,NA,NA,NA,NA,NA,NA,NA,NA,NA,NA,NA,NA,NA,NA,NA,NA,NA,NA,NA,NA,NA,NA,NA,NA,NA,NA,NA,NA,NA,NA,NA,NA,NA,NA,NA,NA,NA,NA
"91",2020-05-19,NA,NA,NA,NA,NA,NA,NA,NA,NA,NA,NA,NA,NA,NA,NA,NA,NA,NA,NA,NA,NA,2.88,2.88,2.82,2.84,6657560,2.84,-0.0848560919162711,NA,NA,NA,NA,NA,NA,NA,NA,NA,NA,NA,NA,NA,NA,NA,NA,NA,NA,NA,NA,NA,NA,NA,NA,NA,NA,NA,NA,NA,NA,NA,NA,NA,NA,NA,NA,NA,NA,NA,NA,NA,NA,NA,NA,NA,NA,NA,NA,NA,NA,NA,NA,NA,NA,NA,NA,NA,NA,NA,NA,NA,NA,NA,NA,NA,NA,NA,NA,NA,NA,NA,NA,NA,NA,NA,NA,NA,NA,NA,NA,NA,NA,NA,NA,NA,NA,NA,NA,NA,NA,NA,NA,NA,NA,NA,NA,NA,NA,NA,NA,NA,NA,NA,NA,NA,NA,NA,NA,NA,NA,NA,NA,NA,NA,NA,NA,NA,NA,NA,NA,NA,NA,NA,NA,NA,NA,NA,NA,NA,NA,NA,NA,NA,NA,NA,NA,NA,NA,NA,NA
"92",2020-04-28,NA,NA,NA,NA,NA,NA,NA,NA,NA,NA,NA,NA,NA,NA,NA,NA,NA,NA,NA,NA,NA,2.76,2.76,2.55,2.64,10370702,2.64,-0.158959945066312,NA,NA,NA,NA,NA,NA,NA,NA,NA,NA,NA,NA,NA,NA,NA,NA,NA,NA,NA,NA,NA,NA,NA,NA,NA,NA,NA,NA,NA,NA,NA,NA,NA,NA,NA,NA,NA,NA,NA,NA,NA,NA,NA,NA,NA,NA,NA,NA,NA,NA,NA,NA,NA,NA,NA,NA,NA,NA,NA,NA,NA,NA,NA,NA,NA,NA,NA,NA,NA,NA,NA,NA,NA,NA,NA,NA,NA,NA,NA,NA,NA,NA,NA,NA,NA,NA,NA,NA,NA,NA,NA,NA,NA,NA,NA,NA,NA,NA,NA,NA,NA,NA,NA,NA,NA,NA,NA,NA,NA,NA,NA,NA,NA,NA,NA,NA,NA,NA,NA,NA,NA,NA,NA,NA,NA,NA,NA,NA,NA,NA,NA,NA,NA,NA,NA,NA,NA,NA,NA,NA
"93",2020-04-29,NA,NA,NA,NA,NA,NA,NA,NA,NA,NA,NA,NA,NA,NA,NA,NA,NA,NA,NA,NA,NA,2.63,2.69,2.62,2.67,5108761,2.67,-0.147596308702676,NA,NA,NA,NA,NA,NA,NA,NA,NA,NA,NA,NA,NA,NA,NA,NA,NA,NA,NA,NA,NA,NA,NA,NA,NA,NA,NA,NA,NA,NA,NA,NA,NA,NA,NA,NA,NA,NA,NA,NA,NA,NA,NA,NA,NA,NA,NA,NA,NA,NA,NA,NA,NA,NA,NA,NA,NA,NA,NA,NA,NA,NA,NA,NA,NA,NA,NA,NA,NA,NA,NA,NA,NA,NA,NA,NA,NA,NA,NA,NA,NA,NA,NA,NA,NA,NA,NA,NA,NA,NA,NA,NA,NA,NA,NA,NA,NA,NA,NA,NA,NA,NA,NA,NA,NA,NA,NA,NA,NA,NA,NA,NA,NA,NA,NA,NA,NA,NA,NA,NA,NA,NA,NA,NA,NA,NA,NA,NA,NA,NA,NA,NA,NA,NA,NA,NA,NA,NA,NA,NA
"94",2020-04-30,NA,NA,NA,NA,NA,NA,NA,NA,NA,NA,NA,NA,NA,NA,NA,NA,NA,NA,NA,NA,NA,2.66,2.73,2.66,2.72,5761348,2.72,-0.128869716942376,NA,NA,NA,NA,NA,NA,NA,NA,NA,NA,NA,NA,NA,NA,NA,NA,NA,NA,NA,NA,NA,NA,NA,NA,NA,NA,NA,NA,NA,NA,NA,NA,NA,NA,NA,NA,NA,NA,NA,NA,NA,NA,NA,NA,NA,NA,NA,NA,NA,NA,NA,NA,NA,NA,NA,NA,NA,NA,NA,NA,NA,NA,NA,NA,NA,NA,NA,NA,NA,NA,NA,NA,NA,NA,NA,NA,NA,NA,NA,NA,NA,NA,NA,NA,NA,NA,NA,NA,NA,NA,NA,NA,NA,NA,NA,NA,NA,NA,NA,NA,NA,NA,NA,NA,NA,NA,NA,NA,NA,NA,NA,NA,NA,NA,NA,NA,NA,NA,NA,NA,NA,NA,NA,NA,NA,NA,NA,NA,NA,NA,NA,NA,NA,NA,NA,NA,NA,NA,NA,NA
"95",2020-05-06,NA,NA,NA,NA,NA,NA,NA,NA,NA,NA,NA,NA,NA,NA,NA,NA,NA,NA,NA,NA,NA,2.69,2.72,2.68,2.72,6580158,2.72,-0.128869716942376,NA,NA,NA,NA,NA,NA,NA,NA,NA,NA,NA,NA,NA,NA,NA,NA,NA,NA,NA,NA,NA,NA,NA,NA,NA,NA,NA,NA,NA,NA,NA,NA,NA,NA,NA,NA,NA,NA,NA,NA,NA,NA,NA,NA,NA,NA,NA,NA,NA,NA,NA,NA,NA,NA,NA,NA,NA,NA,NA,NA,NA,NA,NA,NA,NA,NA,NA,NA,NA,NA,NA,NA,NA,NA,NA,NA,NA,NA,NA,NA,NA,NA,NA,NA,NA,NA,NA,NA,NA,NA,NA,NA,NA,NA,NA,NA,NA,NA,NA,NA,NA,NA,NA,NA,NA,NA,NA,NA,NA,NA,NA,NA,NA,NA,NA,NA,NA,NA,NA,NA,NA,NA,NA,NA,NA,NA,NA,NA,NA,NA,NA,NA,NA,NA,NA,NA,NA,NA,NA,NA
"96",2020-05-07,NA,NA,NA,NA,NA,NA,NA,NA,NA,NA,NA,NA,NA,NA,NA,NA,NA,NA,NA,NA,NA,2.71,2.72,2.67,2.69,6224205,2.69,-0.139899128707082,NA,NA,NA,NA,NA,NA,NA,NA,NA,NA,NA,NA,NA,NA,NA,NA,NA,NA,NA,NA,NA,NA,NA,NA,NA,NA,NA,NA,NA,NA,NA,NA,NA,NA,NA,NA,NA,NA,NA,NA,NA,NA,NA,NA,NA,NA,NA,NA,NA,NA,NA,NA,NA,NA,NA,NA,NA,NA,NA,NA,NA,NA,NA,NA,NA,NA,NA,NA,NA,NA,NA,NA,NA,NA,NA,NA,NA,NA,NA,NA,NA,NA,NA,NA,NA,NA,NA,NA,NA,NA,NA,NA,NA,NA,NA,NA,NA,NA,NA,NA,NA,NA,NA,NA,NA,NA,NA,NA,NA,NA,NA,NA,NA,NA,NA,NA,NA,NA,NA,NA,NA,NA,NA,NA,NA,NA,NA,NA,NA,NA,NA,NA,NA,NA,NA,NA,NA,NA,NA,NA
"97",2020-05-08,NA,NA,NA,NA,NA,NA,NA,NA,NA,NA,NA,NA,NA,NA,NA,NA,NA,NA,NA,NA,NA,2.7,2.73,2.69,2.73,5304350,2.73,-0.125029240231246,NA,NA,NA,NA,NA,NA,NA,NA,NA,NA,NA,NA,NA,NA,NA,NA,NA,NA,NA,NA,NA,NA,NA,NA,NA,NA,NA,NA,NA,NA,NA,NA,NA,NA,NA,NA,NA,NA,NA,NA,NA,NA,NA,NA,NA,NA,NA,NA,NA,NA,NA,NA,NA,NA,NA,NA,NA,NA,NA,NA,NA,NA,NA,NA,NA,NA,NA,NA,NA,NA,NA,NA,NA,NA,NA,NA,NA,NA,NA,NA,NA,NA,NA,NA,NA,NA,NA,NA,NA,NA,NA,NA,NA,NA,NA,NA,NA,NA,NA,NA,NA,NA,NA,NA,NA,NA,NA,NA,NA,NA,NA,NA,NA,NA,NA,NA,NA,NA,NA,NA,NA,NA,NA,NA,NA,NA,NA,NA,NA,NA,NA,NA,NA,NA,NA,NA,NA,NA,NA,NA
"98",2020-04-17,NA,NA,NA,NA,NA,NA,NA,NA,NA,NA,NA,NA,NA,NA,NA,NA,NA,NA,NA,NA,NA,2.79,2.83,2.76,2.79,9221429,2.79,-0.104712470421236,NA,NA,NA,NA,NA,NA,NA,NA,NA,NA,NA,NA,NA,NA,NA,NA,NA,NA,NA,NA,NA,NA,NA,NA,NA,NA,NA,NA,NA,NA,NA,NA,NA,NA,NA,NA,NA,NA,NA,NA,NA,NA,NA,NA,NA,NA,NA,NA,NA,NA,NA,NA,NA,NA,NA,NA,NA,NA,NA,NA,NA,NA,NA,NA,NA,NA,NA,NA,NA,NA,NA,NA,NA,NA,NA,NA,NA,NA,NA,NA,NA,NA,NA,NA,NA,NA,NA,NA,NA,NA,NA,NA,NA,NA,NA,NA,NA,NA,NA,NA,NA,NA,NA,NA,NA,NA,NA,NA,NA,NA,NA,NA,NA,NA,NA,NA,NA,NA,NA,NA,NA,NA,NA,NA,NA,NA,NA,NA,NA,NA,NA,NA,NA,NA,NA,NA,NA,NA,NA,NA
"99",2020-04-20,NA,NA,NA,NA,NA,NA,NA,NA,NA,NA,NA,NA,NA,NA,NA,NA,NA,NA,NA,NA,NA,2.79,2.79,2.76,2.78,4816976,2.78,-0.108296699811917,NA,NA,NA,NA,NA,NA,NA,NA,NA,NA,NA,NA,NA,NA,NA,NA,NA,NA,NA,NA,NA,NA,NA,NA,NA,NA,NA,NA,NA,NA,NA,NA,NA,NA,NA,NA,NA,NA,NA,NA,NA,NA,NA,NA,NA,NA,NA,NA,NA,NA,NA,NA,NA,NA,NA,NA,NA,NA,NA,NA,NA,NA,NA,NA,NA,NA,NA,NA,NA,NA,NA,NA,NA,NA,NA,NA,NA,NA,NA,NA,NA,NA,NA,NA,NA,NA,NA,NA,NA,NA,NA,NA,NA,NA,NA,NA,NA,NA,NA,NA,NA,NA,NA,NA,NA,NA,NA,NA,NA,NA,NA,NA,NA,NA,NA,NA,NA,NA,NA,NA,NA,NA,NA,NA,NA,NA,NA,NA,NA,NA,NA,NA,NA,NA,NA,NA,NA,NA,NA,NA
"100",2018-03-05,NA,NA,NA,NA,NA,NA,NA,NA,NA,NA,NA,NA,NA,NA,NA,NA,NA,NA,NA,NA,NA,NA,NA,NA,NA,NA,NA,NA,NA,NA,NA,NA,NA,NA,NA,NA,NA,NA,NA,NA,NA,NA,NA,NA,NA,NA,NA,NA,NA,11.96,12.09,11.75,11.85,7299997,10.725281,-0.0207648950516962,NA,NA,NA,NA,NA,NA,NA,NA,NA,NA,NA,NA,NA,NA,NA,NA,NA,NA,NA,NA,NA,13.9319,14.1404,13.7162,13.8241,4606296,13.586357,-0.0289662217117351,NA,NA,NA,NA,NA,NA,NA,NA,NA,NA,NA,NA,NA,NA,4.26,4.3,4.25,4.28,2401840,4.28,5.44626712850604e-06,10.6,10.65,10.5,10.58,1180800,10.542298,-0.0167566809286667,NA,NA,NA,NA,NA,NA,NA,NA,NA,NA,NA,NA,NA,NA,NA,NA,NA,NA,NA,NA,NA,NA,NA,NA,NA,NA,NA,NA,NA,NA,NA,NA,NA,NA,NA,NA,NA,NA,NA,NA,NA,NA,NA,NA,NA,NA,NA,NA,NA,NA,NA,NA,NA,NA,NA,NA
"101",2020-05-20,NA,NA,NA,NA,NA,NA,NA,NA,NA,NA,NA,NA,NA,NA,NA,NA,NA,NA,NA,NA,NA,2.85,2.85,2.79,2.8,5303876,2.8,-0.0989405989585246,NA,NA,NA,NA,NA,NA,NA,NA,NA,NA,NA,NA,NA,NA,NA,NA,NA,NA,NA,NA,NA,NA,NA,NA,NA,NA,NA,NA,NA,NA,NA,NA,NA,NA,NA,NA,NA,NA,NA,NA,NA,NA,NA,NA,NA,NA,NA,NA,NA,NA,NA,NA,NA,NA,NA,NA,NA,NA,NA,NA,NA,NA,NA,NA,NA,NA,NA,NA,NA,NA,NA,NA,NA,NA,NA,NA,NA,NA,NA,NA,NA,NA,NA,NA,NA,NA,NA,NA,NA,NA,NA,NA,NA,NA,NA,NA,NA,NA,NA,NA,NA,NA,NA,NA,NA,NA,NA,NA,NA,NA,NA,NA,NA,NA,NA,NA,NA,NA,NA,NA,NA,NA,NA,NA,NA,NA,NA,NA,NA,NA,NA,NA,NA,NA,NA,NA,NA,NA,NA,NA
"102",2018-05-14,NA,NA,NA,NA,NA,NA,NA,NA,NA,NA,NA,NA,NA,NA,NA,NA,NA,NA,NA,NA,NA,NA,NA,NA,NA,NA,NA,NA,NA,NA,NA,NA,NA,NA,NA,NA,NA,NA,NA,NA,NA,NA,NA,NA,NA,NA,NA,NA,NA,NA,NA,NA,NA,NA,NA,NA,NA,NA,NA,NA,NA,NA,NA,NA,NA,NA,NA,NA,NA,NA,NA,NA,NA,NA,NA,NA,NA,NA,NA,NA,NA,NA,NA,NA,NA,NA,NA,NA,NA,NA,NA,NA,NA,NA,NA,NA,NA,NA,NA,NA,NA,NA,NA,NA,NA,NA,NA,NA,NA,NA,NA,NA,NA,NA,NA,NA,NA,NA,NA,4.49286,4.53571,4.45714,4.50714,2761101,4.484117,2.69,2.7,2.67,2.67,3165380,2.643985,-0.079715528015625,NA,NA,NA,NA,NA,NA,NA,NA,NA,NA,NA,NA,NA,NA,NA,NA,NA,NA,NA,NA,NA,NA,NA,NA,NA,NA,NA,NA,NA,NA,NA,NA,NA,NA,NA,NA
"103",2018-05-16,NA,NA,NA,NA,NA,NA,NA,NA,NA,NA,NA,NA,NA,NA,NA,NA,NA,NA,NA,NA,NA,NA,NA,NA,NA,NA,NA,NA,NA,NA,NA,NA,NA,NA,NA,NA,NA,NA,NA,NA,NA,NA,NA,NA,NA,NA,NA,NA,NA,NA,NA,NA,NA,NA,NA,NA,NA,NA,NA,NA,NA,NA,NA,NA,NA,NA,NA,NA,NA,NA,NA,NA,NA,NA,NA,NA,NA,NA,NA,NA,NA,NA,NA,NA,NA,NA,NA,NA,NA,NA,NA,NA,NA,NA,NA,NA,NA,NA,NA,NA,NA,NA,NA,NA,NA,NA,NA,NA,NA,NA,NA,NA,NA,NA,NA,NA,NA,NA,NA,4.60714,4.72143,4.55,4.58571,6090121,4.562285,2.72,2.87,2.69,2.76,22949082,2.733107,-0.0462546069142544,NA,NA,NA,NA,NA,NA,NA,NA,NA,NA,NA,NA,NA,NA,NA,NA,NA,NA,NA,NA,NA,NA,NA,NA,NA,NA,NA,NA,NA,NA,NA,NA,NA,NA,NA,NA
"104",2020-05-13,NA,NA,NA,NA,NA,NA,NA,NA,NA,NA,NA,NA,NA,NA,NA,NA,NA,NA,NA,NA,NA,2.72,2.79,2.7,2.78,7631889,2.78,-0.106609010342993,NA,NA,NA,NA,NA,NA,NA,NA,NA,NA,NA,NA,NA,NA,NA,NA,NA,NA,NA,NA,NA,NA,NA,NA,NA,NA,NA,NA,NA,NA,NA,NA,NA,NA,NA,NA,NA,NA,NA,NA,NA,NA,NA,NA,NA,NA,NA,NA,NA,NA,NA,NA,NA,NA,NA,NA,NA,NA,NA,NA,NA,NA,NA,NA,NA,NA,NA,NA,NA,NA,NA,NA,NA,NA,NA,NA,NA,NA,NA,NA,NA,NA,NA,NA,NA,NA,NA,NA,NA,NA,NA,NA,NA,NA,NA,NA,NA,NA,NA,NA,NA,NA,NA,NA,NA,NA,NA,NA,NA,NA,NA,NA,NA,NA,NA,NA,NA,NA,NA,NA,NA,NA,NA,NA,NA,NA,NA,NA,NA,NA,NA,NA,NA,NA,NA,NA,NA,NA,NA,NA
"105",2020-05-14,NA,NA,NA,NA,NA,NA,NA,NA,NA,NA,NA,NA,NA,NA,NA,NA,NA,NA,NA,NA,NA,2.76,2.78,2.74,2.75,4681740,2.75,-0.117400377249468,NA,NA,NA,NA,NA,NA,NA,NA,NA,NA,NA,NA,NA,NA,NA,NA,NA,NA,NA,NA,NA,NA,NA,NA,NA,NA,NA,NA,NA,NA,NA,NA,NA,NA,NA,NA,NA,NA,NA,NA,NA,NA,NA,NA,NA,NA,NA,NA,NA,NA,NA,NA,NA,NA,NA,NA,NA,NA,NA,NA,NA,NA,NA,NA,NA,NA,NA,NA,NA,NA,NA,NA,NA,NA,NA,NA,NA,NA,NA,NA,NA,NA,NA,NA,NA,NA,NA,NA,NA,NA,NA,NA,NA,NA,NA,NA,NA,NA,NA,NA,NA,NA,NA,NA,NA,NA,NA,NA,NA,NA,NA,NA,NA,NA,NA,NA,NA,NA,NA,NA,NA,NA,NA,NA,NA,NA,NA,NA,NA,NA,NA,NA,NA,NA,NA,NA,NA,NA,NA,NA
"106",2020-05-21,NA,NA,NA,NA,NA,NA,NA,NA,NA,NA,NA,NA,NA,NA,NA,NA,NA,NA,NA,NA,NA,2.82,2.82,2.78,2.78,4046534,2.78,-0.106083456101382,NA,NA,NA,NA,NA,NA,NA,NA,NA,NA,NA,NA,NA,NA,NA,NA,NA,NA,NA,NA,NA,NA,NA,NA,NA,NA,NA,NA,NA,NA,NA,NA,NA,NA,NA,NA,NA,NA,NA,NA,NA,NA,NA,NA,NA,NA,NA,NA,NA,NA,NA,NA,NA,NA,NA,NA,NA,NA,NA,NA,NA,NA,NA,NA,NA,NA,NA,NA,NA,NA,NA,NA,NA,NA,NA,NA,NA,NA,NA,NA,NA,NA,NA,NA,NA,NA,NA,NA,NA,NA,NA,NA,NA,NA,NA,NA,NA,NA,NA,NA,NA,NA,NA,NA,NA,NA,NA,NA,NA,NA,NA,NA,NA,NA,NA,NA,NA,NA,NA,NA,NA,NA,NA,NA,NA,NA,NA,NA,NA,NA,NA,NA,NA,NA,NA,NA,NA,NA,NA,NA
"107",2020-05-11,NA,NA,NA,NA,NA,NA,NA,NA,NA,NA,NA,NA,NA,NA,NA,NA,NA,NA,NA,NA,NA,2.74,2.82,2.74,2.77,11758623,2.77,-0.110377225579231,NA,NA,NA,NA,NA,NA,NA,NA,NA,NA,NA,NA,NA,NA,NA,NA,NA,NA,NA,NA,NA,NA,NA,NA,NA,NA,NA,NA,NA,NA,NA,NA,NA,NA,NA,NA,NA,NA,NA,NA,NA,NA,NA,NA,NA,NA,NA,NA,NA,NA,NA,NA,NA,NA,NA,NA,NA,NA,NA,NA,NA,NA,NA,NA,NA,NA,NA,NA,NA,NA,NA,NA,NA,NA,NA,NA,NA,NA,NA,NA,NA,NA,NA,NA,NA,NA,NA,NA,NA,NA,NA,NA,NA,NA,NA,NA,NA,NA,NA,NA,NA,NA,NA,NA,NA,NA,NA,NA,NA,NA,NA,NA,NA,NA,NA,NA,NA,NA,NA,NA,NA,NA,NA,NA,NA,NA,NA,NA,NA,NA,NA,NA,NA,NA,NA,NA,NA,NA,NA,NA
"108",2020-05-12,NA,NA,NA,NA,NA,NA,NA,NA,NA,NA,NA,NA,NA,NA,NA,NA,NA,NA,NA,NA,NA,2.76,2.79,2.71,2.74,6474825,2.74,-0.121207550488978,NA,NA,NA,NA,NA,NA,NA,NA,NA,NA,NA,NA,NA,NA,NA,NA,NA,NA,NA,NA,NA,NA,NA,NA,NA,NA,NA,NA,NA,NA,NA,NA,NA,NA,NA,NA,NA,NA,NA,NA,NA,NA,NA,NA,NA,NA,NA,NA,NA,NA,NA,NA,NA,NA,NA,NA,NA,NA,NA,NA,NA,NA,NA,NA,NA,NA,NA,NA,NA,NA,NA,NA,NA,NA,NA,NA,NA,NA,NA,NA,NA,NA,NA,NA,NA,NA,NA,NA,NA,NA,NA,NA,NA,NA,NA,NA,NA,NA,NA,NA,NA,NA,NA,NA,NA,NA,NA,NA,NA,NA,NA,NA,NA,NA,NA,NA,NA,NA,NA,NA,NA,NA,NA,NA,NA,NA,NA,NA,NA,NA,NA,NA,NA,NA,NA,NA,NA,NA,NA,NA
"109",2018-03-02,NA,NA,NA,NA,NA,NA,NA,NA,NA,NA,NA,NA,NA,NA,NA,NA,NA,NA,NA,NA,NA,NA,NA,NA,NA,NA,NA,NA,NA,NA,NA,NA,NA,NA,NA,NA,NA,NA,NA,NA,NA,NA,NA,NA,NA,NA,NA,NA,NA,NA,NA,NA,NA,NA,NA,NA,NA,NA,NA,NA,NA,NA,NA,NA,NA,NA,NA,NA,NA,NA,NA,NA,NA,NA,NA,NA,NA,13.9463,14.2338,13.8672,13.9535,4906797,13.713532,-0.0196925627731176,NA,NA,NA,NA,NA,NA,NA,NA,NA,NA,NA,NA,NA,NA,NA,NA,NA,NA,NA,NA,NA,10.73,10.73,10.59,10.6,1184180,10.562227,-0.0148698884758365,NA,NA,NA,NA,NA,NA,NA,NA,NA,NA,NA,NA,NA,NA,NA,NA,NA,NA,NA,NA,NA,NA,NA,NA,NA,NA,NA,NA,NA,NA,NA,NA,NA,NA,NA,NA,NA,NA,NA,NA,NA,NA,NA,NA,NA,NA,NA,NA,NA,NA,NA,NA,NA,NA,NA,NA
"110",2020-04-22,NA,NA,NA,NA,NA,NA,NA,NA,NA,NA,NA,NA,NA,NA,NA,NA,NA,NA,NA,NA,NA,2.72,2.79,2.72,2.78,6882333,2.78,-0.108086648874565,NA,NA,NA,NA,NA,NA,NA,NA,NA,NA,NA,NA,NA,NA,NA,NA,NA,NA,NA,NA,NA,NA,NA,NA,NA,NA,NA,NA,NA,NA,NA,NA,NA,NA,NA,NA,NA,NA,NA,NA,NA,NA,NA,NA,NA,NA,NA,NA,NA,NA,NA,NA,NA,NA,NA,NA,NA,NA,NA,NA,NA,NA,NA,NA,NA,NA,NA,NA,NA,NA,NA,NA,NA,NA,NA,NA,NA,NA,NA,NA,NA,NA,NA,NA,NA,NA,NA,NA,NA,NA,NA,NA,NA,NA,NA,NA,NA,NA,NA,NA,NA,NA,NA,NA,NA,NA,NA,NA,NA,NA,NA,NA,NA,NA,NA,NA,NA,NA,NA,NA,NA,NA,NA,NA,NA,NA,NA,NA,NA,NA,NA,NA,NA,NA,NA,NA,NA,NA,NA,NA
"111",2018-05-17,NA,NA,NA,NA,NA,NA,NA,NA,NA,NA,NA,NA,NA,NA,NA,NA,NA,NA,NA,NA,NA,NA,NA,NA,NA,NA,NA,NA,NA,NA,NA,NA,NA,NA,NA,NA,NA,NA,NA,NA,NA,NA,NA,NA,NA,NA,NA,NA,NA,NA,NA,NA,NA,NA,NA,NA,NA,NA,NA,NA,NA,NA,NA,NA,NA,NA,NA,NA,NA,NA,NA,NA,NA,NA,NA,NA,NA,NA,NA,NA,NA,NA,NA,NA,NA,NA,NA,NA,NA,NA,NA,NA,NA,NA,NA,NA,NA,NA,NA,NA,NA,NA,NA,NA,NA,NA,NA,NA,NA,NA,NA,NA,NA,NA,NA,NA,NA,NA,NA,4.56428,4.60714,4.45,4.48571,4798263,4.462796,2.75,2.76,2.71,2.74,10992482,2.713302,-0.0535009837258484,NA,NA,NA,NA,NA,NA,NA,NA,NA,NA,NA,NA,NA,NA,NA,NA,NA,NA,NA,NA,NA,NA,NA,NA,NA,NA,NA,NA,NA,NA,NA,NA,NA,NA,NA,NA
"112",2018-03-01,NA,NA,NA,NA,NA,NA,NA,NA,NA,NA,NA,NA,NA,NA,NA,NA,NA,NA,NA,NA,NA,NA,NA,NA,NA,NA,NA,NA,NA,NA,NA,NA,NA,NA,NA,NA,NA,NA,NA,NA,NA,NA,NA,NA,NA,NA,NA,NA,NA,NA,NA,NA,NA,NA,NA,NA,NA,NA,NA,NA,NA,NA,NA,NA,NA,NA,NA,NA,NA,NA,NA,NA,NA,NA,NA,NA,NA,13.5293,14.4854,13.4934,14.2338,10957927,13.989013,0,NA,NA,NA,NA,NA,NA,NA,NA,NA,NA,NA,NA,NA,NA,NA,NA,NA,NA,NA,NA,NA,10.66,10.78,10.64,10.76,1695637,10.721657,0,NA,NA,NA,NA,NA,NA,NA,NA,NA,NA,NA,NA,NA,NA,NA,NA,NA,NA,NA,NA,NA,NA,NA,NA,NA,NA,NA,NA,NA,NA,NA,NA,NA,NA,NA,NA,NA,NA,NA,NA,NA,NA,NA,NA,NA,NA,NA,NA,NA,NA,NA,NA,NA,NA,NA,NA
"113",2020-04-21,NA,NA,NA,NA,NA,NA,NA,NA,NA,NA,NA,NA,NA,NA,NA,NA,NA,NA,NA,NA,NA,2.77,2.77,2.73,2.74,5233978,2.74,-0.12268518902055,NA,NA,NA,NA,NA,NA,NA,NA,NA,NA,NA,NA,NA,NA,NA,NA,NA,NA,NA,NA,NA,NA,NA,NA,NA,NA,NA,NA,NA,NA,NA,NA,NA,NA,NA,NA,NA,NA,NA,NA,NA,NA,NA,NA,NA,NA,NA,NA,NA,NA,NA,NA,NA,NA,NA,NA,NA,NA,NA,NA,NA,NA,NA,NA,NA,NA,NA,NA,NA,NA,NA,NA,NA,NA,NA,NA,NA,NA,NA,NA,NA,NA,NA,NA,NA,NA,NA,NA,NA,NA,NA,NA,NA,NA,NA,NA,NA,NA,NA,NA,NA,NA,NA,NA,NA,NA,NA,NA,NA,NA,NA,NA,NA,NA,NA,NA,NA,NA,NA,NA,NA,NA,NA,NA,NA,NA,NA,NA,NA,NA,NA,NA,NA,NA,NA,NA,NA,NA,NA,NA
"114",2018-05-15,NA,NA,NA,NA,NA,NA,NA,NA,NA,NA,NA,NA,NA,NA,NA,NA,NA,NA,NA,NA,NA,NA,NA,NA,NA,NA,NA,NA,NA,NA,NA,NA,NA,NA,NA,NA,NA,NA,NA,NA,NA,NA,NA,NA,NA,NA,NA,NA,NA,NA,NA,NA,NA,NA,NA,NA,NA,NA,NA,NA,NA,NA,NA,NA,NA,NA,NA,NA,NA,NA,NA,NA,NA,NA,NA,NA,NA,NA,NA,NA,NA,NA,NA,NA,NA,NA,NA,NA,NA,NA,NA,NA,NA,NA,NA,NA,NA,NA,NA,NA,NA,NA,NA,NA,NA,NA,NA,NA,NA,NA,NA,NA,NA,NA,NA,NA,NA,NA,NA,4.51429,4.64286,4.51429,4.63571,4935373,4.612029,2.68,2.73,2.64,2.73,8701372,2.7034,-0.0572436179032654,NA,NA,NA,NA,NA,NA,NA,NA,NA,NA,NA,NA,NA,NA,NA,NA,NA,NA,NA,NA,NA,NA,NA,NA,NA,NA,NA,NA,NA,NA,NA,NA,NA,NA,NA,NA
