,600435.SS.Open,600435.SS.High,600435.SS.Low,600435.SS.Close,600435.SS.Volume,600435.SS.Adjusted,600436.SS.Open,600436.SS.High,600436.SS.Low,600436.SS.Close,600436.SS.Volume,600436.SS.Adjusted,600438.SS.Open,600438.SS.High,600438.SS.Low,600438.SS.Close,600438.SS.Volume,600438.SS.Adjusted,600439.SS.Open,600439.SS.High,600439.SS.Low,600439.SS.Close,600439.SS.Volume,600439.SS.Adjusted,600444.SS.Open,600444.SS.High,600444.SS.Low,600444.SS.Close,600444.SS.Volume,600444.SS.Adjusted,600446.SS.Open,600446.SS.High,600446.SS.Low,600446.SS.Close,600446.SS.Volume,600446.SS.Adjusted,600448.SS.Open,600448.SS.High,600448.SS.Low,600448.SS.Close,600448.SS.Volume,600448.SS.Adjusted,600449.SS.Open,600449.SS.High,600449.SS.Low,600449.SS.Close,600449.SS.Volume,600449.SS.Adjusted,600452.SS.Open,600452.SS.High,600452.SS.Low,600452.SS.Close,600452.SS.Volume,600452.SS.Adjusted,600455.SS.Open,600455.SS.High,600455.SS.Low,600455.SS.Close,600455.SS.Volume,600455.SS.Adjusted,600456.SS.Open,600456.SS.High,600456.SS.Low,600456.SS.Close,600456.SS.Volume,600456.SS.Adjusted,600458.SS.Open,600458.SS.High,600458.SS.Low,600458.SS.Close,600458.SS.Volume,600458.SS.Adjusted,600459.SS.Open,600459.SS.High,600459.SS.Low,600459.SS.Close,600459.SS.Volume,600459.SS.Adjusted,600460.SS.Open,600460.SS.High,600460.SS.Low,600460.SS.Close,600460.SS.Volume,600460.SS.Adjusted,600461.SS.Open,600461.SS.High,600461.SS.Low,600461.SS.Close,600461.SS.Volume,600461.SS.Adjusted,600462.SS.Open,600462.SS.High,600462.SS.Low,600462.SS.Close,600462.SS.Volume,600462.SS.Adjusted,600463.SS.Open,600463.SS.High,600463.SS.Low,600463.SS.Close,600463.SS.Volume,600463.SS.Adjusted,600466.SS.Open,600466.SS.High,600466.SS.Low,600466.SS.Close,600466.SS.Volume,600466.SS.Adjusted,600467.SS.Open,600467.SS.High,600467.SS.Low,600467.SS.Close,600467.SS.Volume,600467.SS.Adjusted,600468.SS.Open,600468.SS.High,600468.SS.Low,600468.SS.Close,600468.SS.Volume,600468.SS.Adjusted,600469.SS.Open,600469.SS.High,600469.SS.Low,600469.SS.Close,600469.SS.Volume,600469.SS.Adjusted,600470.SS.Open,600470.SS.High,600470.SS.Low,600470.SS.Close,600470.SS.Volume,600470.SS.Adjusted,600475.SS.Open,600475.SS.High,600475.SS.Low,600475.SS.Close,600475.SS.Volume,600475.SS.Adjusted,600476.SS.Open,600476.SS.High,600476.SS.Low,600476.SS.Close,600476.SS.Volume,600476.SS.Adjusted,600477.SS.Open,600477.SS.High,600477.SS.Low,600477.SS.Close,600477.SS.Volume,600477.SS.Adjusted
2018/3/1,10.1,10.35,10.05,10.29,14638026,10.262427,72.739998,73.440002,72.360001,73.010002,2823363,72.352837,10.11,10.51,10.01,10.49,39863180,10.342409,5.9,6,5.77,5.98,23294692,5.835698,13.5,13.85,13.5,13.83,534178,13.461394,14.59,15.98,14.53,15.62,16830969,15.62,4.5,4.54,4.45,4.52,3213747,4.52,11.71,12.18,11.62,12.1,12115931,10.951551,16.3214,16.693899,16.1786,16.6173,841232,16.340847,31.870001,32.459999,31.6,32.27,107201,32.27,18.85,19.08,18.540001,18.950001,4396762,18.648392,8.24,8.34,8.17,8.3,2966145,8.177008,13.5293,14.4854,13.4934,14.2338,10957927,13.989013,15.9,16.799999,15.8,16.459999,120586836,16.365355,6.18,6.23,6.12,6.22,2536710,6.052424,4.27,4.33,4.24,4.28,4109062,4.28,10.66,10.78,10.64,10.76,1695637,10.721657,6.94286,7.18571,6.89286,6.99286,35464007,6.643201,2.86,2.9,2.84,2.9,8051856,2.871743,3.82857,3.89286,3.8,3.88571,5224349,3.865861,5.27,5.44,5.23,5.33,6911244,5.254966,5.34,5.45,5.32,5.42,5315426,5.42,12.16,12.7,12.1,12.67,2429121,12.2826,13.11,13.97,13.11,13.78,2567700,13.78,5.76923,5.85897,5.73718,5.82692,17343707,5.424047
2018/3/2,10.2,10.5,10.13,10.24,15699743,10.212562,72.550003,74.699997,72.360001,74.139999,4430211,73.472664,10.38,10.45,10.12,10.2,29786248,10.05649,5.91,6.44,5.86,6.29,55389858,6.138217,13.71,14,13.6,13.86,571700,13.490595,15.48,15.64,15.22,15.34,9456437,15.34,4.53,4.55,4.46,4.51,3096529,4.51,11.95,12.08,11.87,11.95,7807188,10.815788,16.6173,17.1786,16.4286,16.948999,1169551,16.667028,32.16,32.16,31.91,32.07,108352,32.07,18.709999,19.209999,18.66,18.83,4174432,18.530302,8.26,8.32,8.23,8.29,2346610,8.167154,13.9463,14.2338,13.8672,13.9535,4906797,13.713532,16.15,16.370001,15.52,15.58,113283074,15.490414,6.17,6.32,6.16,6.2,2320310,6.032963,4.26,4.4,4.23,4.29,5985000,4.29,10.73,10.73,10.59,10.6,1184180,10.562227,6.92857,7.11428,6.85714,7.00714,32013920,6.656768,2.88,2.89,2.86,2.86,6066836,2.832133,3.85714,4.05,3.82857,4.02143,11192017,4.000887,5.26,5.3,5.17,5.2,4069293,5.126796,5.38,5.47,5.37,5.38,5404374,5.38,12.56,13.77,12.48,13.49,8681182,13.077527,13.6,13.85,13.5,13.6,1656896,13.6,5.82692,5.82692,5.74359,5.75,13822723,5.352445
2018/3/5,10.32,10.4,10.14,10.29,13817522,10.262427,74.139999,77.5,74,77.43,6986707,76.733055,10.2,10.25,10.03,10.07,21077273,9.928319,6.16,6.58,6.14,6.54,54017902,6.382185,13.77,13.88,13.53,13.7,345800,13.33486,15.45,16.049999,15.44,15.91,12188998,15.91,4.53,4.53,4.46,4.5,1666480,4.5,11.96,12.09,11.75,11.85,7299997,10.725281,16.948999,17.091801,16.683701,16.729601,851424,16.451281,31.459999,32.439999,31.459999,32.02,58152,32.02,18.860001,19.48,18.860001,19.290001,4175723,18.982979,8.29,8.33,8.15,8.26,2508569,8.1376,13.9319,14.1404,13.7162,13.8241,4606296,13.586357,15.73,16.24,15.42,16.18,99535174,16.086964,6.18,6.2,6.1,6.17,1757674,6.003772,4.26,4.3,4.25,4.28,2401840,4.28,10.6,10.65,10.5,10.58,1180800,10.542298,7.07143,7.24286,7.03571,7.15,38031813,6.792485,2.86,2.87,2.82,2.84,5811228,2.812328,3.97143,4.02857,3.95,3.95,4850440,3.929822,5.22,5.24,5.13,5.23,2918479,5.156374,5.38,5.44,5.38,5.42,3292120,5.42,13,13.3,12.94,13.09,4880011,12.689759,13.6,13.79,13.55,13.73,1132801,13.73,5.74359,5.8141,5.74359,5.80769,11198790,5.406146
2018/3/6,10.3,10.41,10.24,10.36,13470181,10.33224,77.449997,78.900002,76.5,78.839996,6938410,78.130356,10.13,10.29,10.07,10.15,24493626,10.007193,6.4,6.78,6.37,6.52,43239971,6.362667,13.75,13.85,13.62,13.79,357485,13.422462,15.85,16.299999,15.62,15.7,11180333,15.7,4.51,4.63,4.49,4.58,3993786,4.58,11.85,12.12,11.63,12.11,11510815,10.960602,16.775499,16.8622,16.5,16.698999,945417,16.421188,31.889999,33.48,31.889999,33.290001,213602,33.290001,19.299999,19.450001,19.129999,19.309999,4015597,19.002661,8.25,8.5,8.24,8.48,4726014,8.354339,13.8744,14.126,13.7737,14.0613,5354306,13.81948,16.049999,16.690001,15.81,15.93,112243602,15.838402,6.17,6.21,6.1,6.15,2158079,5.984311,4.29,4.31,4.25,4.26,3782200,4.26,10.56,10.9,10.54,10.85,2185434,10.811337,7.21428,7.46428,7,7.43571,48963269,7.063908,2.84,2.89,2.84,2.88,5887500,2.851938,3.95,4.15,3.95,4.14286,7774260,4.121697,5.25,5.27,5.15,5.21,3449030,5.136655,5.42,5.46,5.37,5.45,6780426,5.45,13.15,13.18,12.95,13.09,2098700,12.689759,13.64,14.26,13.64,14.06,2354784,14.06,5.80128,5.91026,5.78205,5.88461,23175764,5.477748
2018/3/7,10.36,10.37,10.1,10.11,12703879,10.08291,78.790001,81.5,78.019997,79.830002,6716430,79.11145,10.13,10.38,10.08,10.25,26592994,10.105786,6.53,6.53,6.23,6.33,30164305,6.177252,13.81,13.81,13.55,13.64,217885,13.276459,15.63,15.79,15.35,15.44,7402439,15.44,4.57,4.64,4.53,4.57,3100228,4.57,12.04,12.09,11.89,11.9,7270768,10.770534,16.648001,17.0357,16.5306,16.938801,1852233,16.657,32.900002,33.330002,32.889999,32.990002,94600,32.990002,19.26,19.389999,18.860001,18.879999,3003489,18.579504,8.45,8.51,8.38,8.43,2755279,8.305081,13.975,14.0613,13.7881,13.8888,3888089,13.649945,15.8,17.34,15.71,16.92,193454722,16.82271,6.17,6.19,6.14,6.16,1661569,5.994041,4.26,4.27,4.16,4.19,6533580,4.19,11,11,10.7,10.73,1827400,10.691763,7.52143,7.73571,7.44286,7.56428,71526775,7.18605,2.88,2.9,2.86,2.87,6414000,2.842035,4.12143,4.22143,4.08571,4.1,6183102,4.079056,5.21,5.22,5.03,5.06,5197850,4.988767,5.44,5.46,5.38,5.39,4541940,5.39,13.19,13.19,12.9,12.98,1299329,12.583121,13.95,14.38,13.75,13.85,1841200,13.85,5.88461,5.98077,5.82692,5.83974,24810520,5.43598
2018/3/8,10.03,10.22,10.03,10.17,9317244,10.142749,79.849998,83,79.849998,82.769997,7169313,82.024979,10.25,10.27,10.08,10.15,18390519,10.007193,6.3,6.3,6.01,6.12,38314303,5.97232,13.57,13.74,13.57,13.66,322400,13.295926,15.4,15.68,15.35,15.44,5404683,15.44,4.57,4.77,4.54,4.72,5195480,4.72,11.86,12.03,11.75,12.02,7129432,10.879146,16.9133,17.0051,16.765301,16.938801,1188692,16.657,32.880001,33.16,32.700001,33.07,49300,33.07,18.82,19.25,18.82,18.889999,2824180,18.589344,8.43,8.5,8.34,8.47,2945348,8.344488,13.7737,14.0541,13.7737,13.8744,3088276,13.635794,16.620001,16.879999,16.41,16.75,102312637,16.653687,6.14,6.17,6.11,6.15,1455851,5.984311,4.2,4.26,4.17,4.2,8222205,4.2,10.71,11.15,10.61,11.09,4618103,11.050481,7.45,7.61428,7.4,7.5,29936145,7.124984,2.86,2.89,2.85,2.89,5330736,2.861841,4.1,4.24286,4.07143,4.22857,6301997,4.206969,5.06,5.1,5.01,5.07,4092416,4.998626,5.39,5.46,5.38,5.45,4136498,5.45,13.03,13.04,12.89,12.99,1155101,12.592816,13.6,14.49,13.6,14.18,2514400,14.18,5.83333,6.05128,5.8141,6.02564,43400903,5.609027
2018/3/9,10.22,10.47,10.15,10.39,18520111,10.36216,82.82,83.830002,81.330002,82.260002,6303956,81.519577,10.16,10.48,10.11,10.38,27369910,10.233957,6.11,6.15,5.99,6.14,36534906,5.991837,13.66,13.88,13.63,13.86,596859,13.490595,15.55,16.290001,15.45,16.08,14104614,16.08,4.65,5.13,4.64,5,15938485,5,12.07,12.09,11.86,12.04,7441518,10.897247,16.989799,17.6122,16.801001,17.4949,2061643,17.203846,33.25,33.279999,32.720001,33.169998,163820,33.169998,18.92,19.389999,18.92,19.299999,4438460,18.992819,8.47,8.71,8.47,8.6,4988422,8.472562,13.8025,14.0038,13.8025,13.975,4263133,13.734664,16.700001,17.34,16.700001,16.83,123853968,16.733227,6.15,6.26,6.13,6.23,2458583,6.062155,4.19,4.27,4.19,4.26,4482987,4.26,11.01,11.13,10.99,11.09,3348581,11.050481,7.5,7.58571,7.40714,7.56428,24314488,7.18605,2.89,2.92,2.88,2.91,7216320,2.881646,4.26429,4.26429,4.16429,4.22143,3328992,4.199865,5.1,5.16,5.06,5.16,3651202,5.087359,5.45,5.54,5.42,5.52,7427101,5.52,13.06,13.15,12.93,13.09,2136001,12.689759,14.18,14.9,14,14.64,3499618,14.64,6.03846,6.15385,5.91667,6.07692,41158024,5.656762
2018/3/12,10.48,10.7,10.36,10.61,22996035,10.58157,82.120003,82.860001,81.230003,82.139999,5578472,81.400658,10.38,10.95,10.38,10.63,34810067,10.48044,6.1,6.17,6.03,6.12,33984794,5.97232,13.86,14.29,13.85,14.15,750260,13.772865,16.25,16.77,16.129999,16.42,14886669,16.42,4.8,4.93,4.77,4.91,8692800,4.91,12.05,12.43,12.05,12.42,14681942,11.241179,17.6429,17.653099,17.25,17.5306,1033566,17.238953,33.209999,33.889999,33.209999,33.869999,158331,33.869999,19.43,19.84,19.4,19.5,5170065,19.189638,8.62,8.77,8.57,8.63,3972526,8.502117,14.0325,14.3417,14.0038,14.2841,7369815,14.038447,16.91,17.32,16.68,17.24,124597506,17.140869,6.26,6.29,6.2,6.28,2365798,6.110808,4.34,4.44,4.3,4.4,8537460,4.4,11.07,11.22,11.01,11.16,2486299,11.120232,7.58571,7.61428,7.21428,7.32857,60232561,6.962125,2.94,2.96,2.91,2.96,7592204,2.931159,4.22143,4.32857,4.16429,4.24286,6367757,4.221186,5.16,5.31,5.11,5.27,6605650,5.195811,5.53,5.59,5.51,5.56,5411345,5.56,13.13,13.33,13.03,13.23,1740516,12.825478,14.55,14.94,14.46,14.69,3227436,14.69,6.08974,6.17949,6.03205,6.13461,29978766,5.710463
2018/3/13,10.58,10.6,10.33,10.35,15482793,10.322268,81.660004,81.900002,79.68,79.949997,5993028,79.23037,10.61,10.9,10.44,10.47,21743890,10.322691,6.08,6.1,5.95,5.96,25452466,5.81618,14.18,14.19,13.95,14.02,774601,13.646332,16.299999,17.17,16.26,16.440001,18710739,16.440001,4.87,4.87,4.76,4.78,5862785,4.78,12.45,12.57,12.32,12.51,13457362,11.322637,17.5,17.5,17.301001,17.3265,688402,17.038248,33.98,33.98,33.009998,33.259998,210400,33.259998,19.459999,19.67,19.26,19.459999,3465703,19.150272,8.69,8.73,8.61,8.63,3520700,8.502117,14.2338,14.8449,14.0972,14.7298,12985165,14.476483,17.1,17.290001,16.68,16.700001,97175863,16.603973,6.26,6.26,6.2,6.2,1522900,6.032963,4.39,4.41,4.34,4.4,5714121,4.4,11.18,11.38,11.03,11.34,3883881,11.29959,7.27857,7.36428,7.2,7.21428,28206544,6.85355,2.95,2.98,2.93,2.96,8605637,2.931159,4.24286,4.25,4.15,4.15,4812843,4.128801,5.28,5.73,5.22,5.46,13212728,5.383136,5.55,5.6,5.52,5.53,5432465,5.53,13.23,13.29,13.12,13.24,1300328,12.835173,14.68,15.75,14.48,15.5,5543488,15.5,6.10897,6.26282,6.0641,6.14744,29550705,5.722406
2018/3/14,10.38,10.39,10.15,10.17,11423261,10.142749,80.300003,80.660004,79.760002,79.959999,3902952,79.24028,10.39,10.52,10.29,10.42,16845662,10.273395,5.96,6.18,5.93,6.14,36384489,5.991837,13.9,14.04,13.7,13.8,648500,13.432195,16.33,16.719999,15.95,15.96,11345891,15.96,4.75,4.75,4.66,4.71,3737709,4.71,12.52,12.95,12.34,12.81,22711871,11.594164,17.316299,17.398001,17.1224,17.1224,945580,16.837545,33,33.34,32.389999,32.790001,110551,32.790001,19.35,19.48,18.93,18.99,4251376,18.687754,8.62,8.68,8.41,8.44,3393400,8.314932,14.5429,14.658,14.2482,14.3704,9503873,14.123264,16.559999,16.790001,15.92,16.030001,106537871,15.937827,6.2,6.2,6.14,6.15,1533321,5.984311,4.36,4.67,4.35,4.54,10372400,4.54,10.96,10.99,10.59,10.7,5812239,10.66187,7.14286,7.37143,7.13571,7.24286,26496184,6.880701,2.96,2.96,2.91,2.91,5553606,2.881646,4.15,4.19286,4.09286,4.09286,3639489,4.071953,5.48,5.48,5.28,5.34,5507930,5.264825,5.53,5.7,5.5,5.5,12386259,5.5,13.23,13.23,13.01,13.02,1241300,12.621899,15.32,15.45,15,15.14,3050629,15.14,6.12179,6.23718,6.00641,6.02564,20359887,5.609027
2018/3/15,10.13,10.48,10.13,10.31,17956188,10.282374,79.980003,82.43,79.879997,82.389999,6017495,81.648407,10.42,10.42,10.1,10.23,19050176,10.086067,6.09,6.16,6.02,6.05,15233592,5.904009,13.76,14.19,13.66,13.94,825618,13.568463,16.200001,16.58,15.81,16.1,8866791,16.1,4.69,4.69,4.59,4.67,3119381,4.67,12.73,12.85,12.51,12.63,13693758,11.431248,17.1429,17.398001,16.8929,16.9133,1038484,16.631922,32.310001,32.73,32.060001,32.299999,138016,32.299999,18.9,18.91,18.450001,18.620001,4032334,18.323643,8.42,8.58,8.4,8.51,3283720,8.383896,14.241,14.6148,14.1188,14.3273,7466328,14.080904,16.120001,16.379999,15.88,16.290001,81224674,16.196333,6.14,6.16,6.1,6.14,2110435,5.97458,4.51,4.75,4.42,4.7,15468422,4.7,10.55,10.57,10.11,10.26,3684656,10.223439,7.23571,7.30714,7.00714,7.03571,26327418,6.683909,2.9,2.91,2.85,2.88,5922202,2.851938,4.08571,4.08571,3.99286,4.07857,3846640,4.057735,5.36,5.38,5.25,5.3,4028900,5.225389,5.46,5.48,5.39,5.46,7614130,5.46,12.99,12.99,12.66,12.77,1670837,12.379543,15.11,15.98,14.68,15.4,4716342,15.4,5.96154,6.03846,5.88461,5.92949,21738386,5.519525
2018/3/16,10.26,10.38,10.14,10.18,10558304,10.152722,82.290001,82.480003,80.099998,80.349998,4565182,79.626762,10.16,10.28,10.04,10.05,16688930,9.908601,6.05,6.1,5.98,6.03,13785321,5.884491,13.87,14.16,13.79,13.96,661802,13.58793,16.41,16.73,16.120001,16.33,9578161,16.33,4.64,4.69,4.63,4.66,2131139,4.66,12.7,12.86,12.55,12.57,10798232,11.376942,16.8878,17.1429,16.734699,16.8571,578472,16.576658,32.360001,32.639999,32.029999,32.330002,96363,32.330002,18.49,19.049999,18.41,18.83,3156137,18.530302,8.54,8.62,8.45,8.45,2563893,8.324784,14.3273,14.3345,14.0685,14.1044,3910349,13.861837,16.18,16.290001,15.78,16.01,67561982,15.917942,6.13,6.19,6.12,6.18,1281575,6.013502,4.7,4.7,4.7,4.7,0,4.7,10.28,10.4,10.25,10.27,1649601,10.233403,7.02143,7.4,7.02143,7.34286,49136532,6.975701,2.88,2.9,2.86,2.88,3743125,2.851938,4.04286,4.27857,4.03571,4.18571,7999311,4.164328,5.35,5.48,5.3,5.34,4246900,5.264825,5.46,5.48,5.42,5.43,4529698,5.43,12.75,12.84,12.65,12.67,860740,12.2826,15.75,16.190001,15.37,16.17,5799783,16.17,5.92308,6.00641,5.86538,5.8782,15938526,5.471782
2018/3/19,10.22,10.36,10.21,10.27,8943791,10.242482,80,81.959999,79.209999,81.589996,4132878,80.855598,10.07,10.16,9.86,10.04,14121593,9.898741,6.01,6.01,5.81,5.83,14616764,5.689317,13.89,14.12,13.89,14.04,646518,13.665798,16.1,16.530001,15.87,16.08,10120335,16.08,4.67,4.67,4.58,4.6,2903311,4.6,12.48,12.48,12.16,12.29,9448922,11.123518,16.724501,17.091801,16.7092,17,554895,16.717182,31.51,33.490002,31.5,33.34,180864,33.34,18.799999,19.07,18.610001,18.74,2573625,18.441732,8.46,8.59,8.43,8.54,2243100,8.413451,14.1044,14.1188,13.7881,13.9678,3552627,13.727587,15.85,16.469999,15.8,15.9,84832634,15.808573,6.16,6.27,6.15,6.24,2157492,6.071886,4.7,4.7,4.7,4.7,0,4.7,10.3,10.42,10.18,10.37,1476826,10.333046,7.38571,7.38571,7.09286,7.26429,31040513,6.90106,2.88,2.9,2.85,2.89,4597320,2.861841,4.17857,4.26429,4.17143,4.24286,3129572,4.221186,5.17,5.3,5.15,5.2,4346828,5.126796,5.42,5.48,5.4,5.44,3375422,5.44,12.71,12.93,12.53,12.84,1280381,12.447403,16.790001,16.879999,15.86,16.1,6972901,16.1,5.87179,5.9359,5.83974,5.89103,10223160,5.483724
2018/3/20,10.17,10.5,10.02,10.35,15355818,10.322268,81.089996,84.480003,80.860001,84.400002,6907546,83.64032,9.97,10.15,9.86,10.12,16234109,9.977615,5.79,5.79,5.55,5.76,19810466,5.621006,14.04,14.04,14.04,14.04,0,13.665798,15.8,16.09,15.71,15.99,5923382,15.99,4.57,4.68,4.55,4.64,3919311,4.64,12.19,12.44,12.08,12.39,7949465,11.214026,16.989799,17.3622,16.908199,17.0408,942305,16.757301,33.27,33.27,32.529999,33,98501,33,18.48,18.5,18.09,18.42,3218281,18.126827,8.52,8.65,8.36,8.64,3424830,8.51197,13.8456,14.0038,13.8025,13.975,2519336,13.734664,15.59,15.83,15.32,15.73,69406511,15.639551,6.22,6.23,6.17,6.23,1481625,6.062155,6.25,6.25,5.8,5.96,108862998,5.96,10.29,10.35,10.15,10.33,2077748,10.293188,7.15,7.25,7.08571,7.13571,23951904,6.778909,2.87,2.88,2.84,2.88,4864602,2.851938,4.2,4.32143,4.17857,4.31428,4232263,4.292242,5.14,5.2,5.08,5.19,3372790,5.116937,5.41,5.53,5.4,5.52,6500529,5.52,12.7,12.82,12.54,12.79,921381,12.398931,15.56,16.4,15.56,16,4700050,16,5.85897,5.94231,5.79487,5.89103,14878242,5.483724
2018/3/21,10.36,10.7,10.29,10.48,33507470,10.451918,83.919998,84.849998,83.099998,84.190002,4783551,83.432213,10.24,11.13,10.2,10.88,78108715,10.726923,5.71,5.91,5.68,5.87,18370045,5.728352,16.25,16.98,15.87,15.91,6538782,15.485957,15.99,16.299999,15.67,15.76,7824964,15.76,4.64,4.71,4.6,4.65,3586400,4.65,12.4,12.64,12.14,12.24,10368681,11.078264,17.0408,17.2959,17.015301,17.193899,902632,16.907854,33.450001,33.599998,32.630001,32.68,184601,32.68,18.42,18.959999,18.35,18.790001,4099630,18.490938,8.6,8.76,8.52,8.53,4081078,8.403599,13.9966,14.1979,13.8816,14.011,3917218,13.770044,15.84,16.15,15.61,15.69,72751845,15.599781,6.23,6.5,6.21,6.3,7322746,6.13027,5.79,6.56,5.73,6.56,119455795,6.56,10.33,10.83,10.33,10.59,5160409,10.552263,7.12857,7.22857,6.95,7.08571,34846987,6.731409,2.87,2.9,2.86,2.88,6424500,2.851938,4.31428,4.45714,4.30714,4.37143,8080605,4.349099,5.23,5.24,5.13,5.14,3019280,5.067641,5.5,5.62,5.43,5.44,7115595,5.44,12.72,13.07,12.72,12.88,1819386,12.486179,15.85,16.58,15.7,16.280001,5419628,16.280001,5.89103,5.9359,5.80128,5.80769,13913833,5.406146
2018/3/22,10.46,10.56,10.25,10.39,18002741,10.36216,83.529999,84.849998,82.519997,83.919998,4940115,83.164627,11.08,11.17,10.61,10.76,37478508,10.608611,5.82,5.98,5.82,5.97,15138032,5.825939,15.36,15.94,15.2,15.44,3878382,15.028484,15.84,16.27,15.68,15.99,8485685,15.99,4.64,4.7,4.61,4.69,3781300,4.69,12.24,12.47,12.2,12.23,9130962,11.069212,17.193899,18.2041,17.0765,17.775499,2240183,17.479778,32.68,33.150002,32.299999,32.700001,89100,32.700001,18.799999,18.889999,18.25,18.299999,3095721,18.008736,8.5,8.62,8.43,8.56,3183830,8.433154,14.011,14.011,13.2777,13.2849,10241994,13.056431,15.8,16.02,15.37,15.59,63818394,15.500357,6.27,6.32,6.21,6.25,3066001,6.081616,6.39,6.56,5.95,6,99064768,6,10.49,10.87,10.48,10.8,4649900,10.761515,7.01429,7.06428,6.78571,6.97143,26663749,6.622843,2.88,2.89,2.85,2.88,4939902,2.851938,4.35714,4.51429,4.31428,4.45714,5021641,4.434371,5.14,5.28,5.11,5.22,3229221,5.146514,5.46,5.49,5.38,5.44,5100185,5.44,12.9,13.04,12.72,12.79,970590,12.398931,16.08,16.32,15.86,16.280001,4334701,16.280001,5.8141,5.85256,5.69872,5.71154,15872093,5.316644
2018/3/23,10.01,10.28,9.56,9.76,27791776,9.733848,82.199997,84.209999,79.940002,83.93,8128473,83.174545,10.45,10.64,9.99,10.29,37757528,10.145224,5.89,5.89,5.54,5.78,18793047,5.640524,14.66,14.97,13.9,13.9,3915304,13.529529,15.69,15.69,14.39,14.39,17872065,14.39,4.64,4.64,4.24,4.31,5916200,4.31,11.65,11.86,11.02,11.21,14978101,10.146024,17.3622,17.7041,16.6122,16.8265,2245736,16.546568,32.5,32.66,30.43,31.030001,208700,31.030001,17.700001,17.700001,16.85,17.030001,7522759,16.758951,8.36,8.36,7.81,7.91,6880666,7.792786,12.7673,12.8536,12.1706,12.4294,9094638,12.215645,14.8,15.21,14.03,14.03,92514963,13.949327,6.19,6.23,6,6.05,5500164,5.887005,5.5,5.69,5.4,5.4,63365861,5.4,10.47,10.6,9.83,10.16,3233401,10.123795,6.57143,7,6.57143,6.97143,47889241,6.622843,2.85,3.1,2.8,2.9,40359419,2.871743,4.35714,4.42143,4.14286,4.27857,6796867,4.256714,5.07,5.07,4.7,4.7,6277667,4.633835,5.33,5.36,5.07,5.12,8851450,5.12,12.52,12.52,11.82,11.83,2549900,11.468284,15.5,15.83,14.65,14.65,5086813,14.65,5.45513,5.58974,5.26282,5.30128,28556344,4.93475
2018/3/26,9.77,10.74,9.77,10.74,66203845,10.711222,83,86.93,82.129997,86.32,7956811,85.543037,10.08,10.49,10.02,10.4,31272621,10.253675,5.68,5.92,5.54,5.86,13022702,5.718594,13.5,13.9,12.88,13.74,1985014,13.373794,14.18,14.66,13.91,14.65,11669630,14.65,4.18,4.33,4.15,4.32,4031800,4.32,11,11.35,10.87,11.26,7570754,10.191278,16.658199,17.1224,16.3316,17.0459,1186066,16.762318,30.58,31.389999,29.82,31.370001,134000,31.370001,16.98,17.52,16.879999,17.370001,5102067,17.09354,7.85,7.94,7.6,7.93,4242724,7.81249,12.221,12.7242,12.1634,12.6738,4419394,12.455841,13.68,15.11,13.68,15.02,88100170,14.933635,6,6.12,5.97,6.12,2648505,5.955119,5.08,5.33,5.02,5.26,40335783,5.26,10.03,10.39,9.8,10.29,1952306,10.253331,6.80714,6.93571,6.57143,6.7,32315581,6.364985,2.82,2.84,2.61,2.78,19406978,2.752913,4.19286,4.4,4.18571,4.32143,4981215,4.299355,4.65,4.79,4.54,4.78,2936544,4.712709,5.09,5.21,5.02,5.2,4927789,5.2,11.8,11.97,11.54,11.94,828600,11.574921,13.98,14.69,13.3,14.65,3130255,14.65,5.24359,5.44231,5.19872,5.42308,18493653,5.048128
2018/3/27,10.82,11.05,10.6,11,76105911,10.970525,86.620003,88.550003,84.959999,85.769997,7740622,84.997978,10.55,10.74,10.43,10.68,30257595,10.529737,5.92,6.14,5.9,6.04,31172054,5.89425,13.81,14.66,13.8,14.17,1710752,13.792334,14.81,15.88,14.81,15.43,15097651,15.43,4.33,4.42,4.33,4.39,2580925,4.39,11.42,11.56,11.35,11.44,7481615,10.354194,17.193899,17.933701,17.193899,17.653099,2272032,17.359415,31.370001,32.290001,31.15,32.119999,118000,32.119999,17.690001,19.110001,17.540001,19.110001,11788603,18.805845,8.03,8.2,8,8.18,3614869,8.058786,12.7889,13.0333,12.7817,13.0189,5246196,12.795007,15.4,15.66,15.02,15.59,101247342,15.500357,6.12,6.3,6.12,6.24,2209741,6.071886,5.38,5.56,5.21,5.4,43170444,5.4,10.31,10.58,10.31,10.5,2183605,10.462584,6.81428,6.92143,6.73571,6.83571,27276695,6.49391,2.77,2.83,2.75,2.8,14440224,2.772718,4.36428,4.44286,4.35714,4.39286,5064640,4.37042,4.8,4.92,4.76,4.87,2990816,4.801442,5.24,5.32,5.22,5.29,4706535,5.29,12.01,12.22,12.01,12.14,1446806,11.768806,14.73,15.45,14.73,15.22,3109233,15.22,5.53205,5.5641,5.46154,5.52564,14963852,5.143598
2018/3/28,10.76,10.97,10.71,10.72,39619622,10.691276,84.980003,87.449997,84.080002,85.660004,5095069,84.888977,10.49,10.55,10.25,10.31,31454804,10.164943,5.97,6.12,5.92,6.02,24120795,5.874732,13.82,14.69,13.72,14.26,1966300,13.879935,15.43,15.94,15.01,15.56,14342751,15.56,4.34,4.38,4.28,4.31,2623031,4.31,11.23,11.49,11.12,11.23,5851888,10.164125,17.5,18.0765,17.351999,17.765301,1607396,17.469749,32,32.630001,31.59,31.98,194800,31.98,18.82,19.4,18.48,18.940001,12605786,18.638552,8.2,8.24,8.1,8.2,2356161,8.078488,12.9111,13.1196,12.832,13.0405,4253292,12.816235,15.27,15.39,15.03,15.08,67567388,14.993289,6.2,6.29,6.18,6.25,1590453,6.081616,5.23,5.34,5.1,5.11,34049438,5.11,10.48,10.8,10.43,10.59,4277906,10.552263,6.71428,6.95,6.66429,6.80714,24259585,6.466768,2.77,2.79,2.75,2.76,10547583,2.733107,4.37857,4.37857,4.28571,4.3,4135524,4.278035,4.75,4.86,4.7,4.76,3290950,4.692991,5.26,5.27,5.18,5.21,4241937,5.21,11.95,12.28,11.87,12.15,1099591,11.7785,15,16.32,14.81,15.92,4595048,15.92,5.4359,5.60897,5.39103,5.51923,16725349,5.13763
2018/3/29,10.78,11.1,10.71,11,40458880,10.970525,85.720001,86.790001,81.160004,81.199997,10402909,80.469116,10.4,10.49,10.16,10.42,16292433,10.273395,5.98,6.26,5.87,6.16,48042533,6.011354,14.16,14.55,14.16,14.48,1115100,14.09407,15.66,15.95,15.46,15.78,10672018,15.78,4.34,4.39,4.32,4.37,2695737,4.37,11.26,11.64,11.23,11.59,9535904,10.489957,17.8571,19.4184,17.8571,18.4286,3207900,18.122013,31.98,32.990002,31.780001,32.41,132600,32.41,18.93,20.83,18.809999,20.16,12642233,19.839132,8.22,8.35,8.22,8.29,2359859,8.167154,13.1267,13.328,13.0117,13.2058,4231958,12.978692,15.12,15.34,14.4,14.88,62525803,14.794439,6.23,6.28,6.21,6.27,1390515,6.101078,5.17,5.31,5.11,5.22,24889906,5.22,10.67,10.76,10.46,10.71,3217202,10.671835,6.86428,7.22857,6.71428,7.13571,47612481,6.778909,2.76,2.81,2.74,2.8,9715986,2.772718,4.34286,4.36428,4.28571,4.35,3377241,4.327779,4.77,4.86,4.75,4.82,2363502,4.752146,5.21,5.28,5.2,5.26,3200460,5.26,12.16,12.29,12.16,12.23,1146234,11.856053,15.8,15.96,15.55,15.89,3238638,15.89,5.61538,5.64103,5.44872,5.60897,18515257,5.221166
2018/3/30,11.16,11.29,10.92,11.11,48403042,11.08023,80.410004,83.779999,80.410004,82.980003,5936158,82.233101,10.54,10.83,10.5,10.62,22259027,10.47058,6.11,6.24,6.03,6.12,33957591,5.97232,14.5,15.47,14.4,15.31,2610901,14.90195,15.95,16.450001,15.83,16.41,15810520,16.41,4.38,4.46,4.38,4.44,2361181,4.44,11.61,11.61,11.46,11.56,6180013,10.462805,18.8827,18.9286,18.1633,18.438801,2331420,18.132046,32.369999,33.59,32.130001,33.509998,237401,33.509998,19.969999,20.35,19.809999,20.07,7251930,19.750566,8.3,8.55,8.3,8.54,3208919,8.413451,13.1986,13.3784,13.0908,13.3137,4198477,13.084736,14.96,16.15,14.96,16.040001,121632432,15.94777,6.29,6.34,6.22,6.24,2255400,6.071886,5.25,5.27,5.17,5.26,23365525,5.26,10.74,10.74,10.61,10.65,2246900,10.612048,7.03571,7.13571,6.93571,7.08571,31134252,6.731409,2.81,2.82,2.78,2.8,7773211,2.772718,4.35,4.4,4.33571,4.34286,3789832,4.320675,4.83,4.93,4.81,4.88,3117528,4.811301,5.28,5.36,5.26,5.34,5293871,5.34,12.29,12.4,12.23,12.35,1370346,11.972385,16.1,16.1,15.79,15.91,2696100,15.91,5.66026,5.9359,5.61538,5.86538,30152818,5.459847
2018/4/2,11.02,11.47,10.96,11.24,45800780,11.209882,83.370003,84.190002,81.029999,82.57,5155966,81.826782,10.64,10.71,10.52,10.64,21432088,10.490299,6.1,6.14,6.01,6.13,27535941,5.982078,15.19,16.75,15.06,16.07,5983620,15.641693,16.48,17.450001,16.42,16.809999,29897710,16.809999,4.46,4.46,4.41,4.43,2804000,4.43,11.54,11.69,11.47,11.58,8096077,10.480906,18.1684,18.816299,18.1684,18.351999,1718724,18.046688,33.509998,34.400002,33,33.470001,333102,33.470001,20.1,20.290001,19.76,19.9,5125369,19.583271,8.87,8.99,8.65,8.68,10483055,8.551375,13.3496,13.3999,13.249,13.2921,4227982,13.063507,16.280001,16.459999,15.81,16.09,124573262,15.997481,6.23,6.27,6.22,6.23,1367515,6.062155,5.35,5.44,5.12,5.15,29817938,5.15,10.66,10.86,10.62,10.7,2683600,10.66187,7.2,7.26429,6.97857,7,33253192,6.649985,2.81,2.82,2.78,2.8,7137313,2.772718,4.32143,4.36428,4.17857,4.18571,6072816,4.164328,4.85,5.11,4.84,4.98,5867171,4.909894,5.34,5.36,5.29,5.32,4652499,5.32,12.48,12.51,12.31,12.38,1011007,12.001468,15.8,16.23,15.69,15.97,2874851,15.97,5.89744,6.0641,5.80769,6.03205,39447423,5.614995
2018/4/3,11.02,11.16,10.8,10.93,28673753,10.900713,80.529999,83.480003,80.529999,81.489998,5119737,80.7565,10.5,10.83,10.39,10.51,25185833,10.362128,6.06,6.41,6.05,6.3,58902706,6.147976,16.559999,16.58,15.65,15.88,4240973,15.456758,16.5,16.68,16.1,16.49,13678425,16.49,4.39,4.39,4.28,4.33,3324856,4.33,11.4,11.57,11.21,11.41,5881739,10.327042,18.1224,18.316299,17.8214,18.0357,1301440,17.735649,33.150002,33.380001,32.310001,32.650002,161602,32.650002,19.52,20.309999,19.49,19.799999,5238191,19.484861,8.55,8.6,8.45,8.54,5092927,8.413451,13.1339,13.1339,12.9255,12.983,3710068,12.759723,15.78,15.93,15.3,15.82,81793505,15.729033,6.23,6.24,6.17,6.21,1539174,6.042694,5.01,5.34,4.9,5.28,33299153,5.28,10.6,10.6,10.26,10.33,1897637,10.293188,6.92143,7.15714,6.84286,7.05714,19887133,6.704268,2.78,2.78,2.73,2.75,8990610,2.723205,4.18571,4.18571,4.02857,4.04286,8159949,4.022208,4.87,5.01,4.81,4.9,4616854,4.831019,5.25,5.25,5.16,5.2,4580806,5.2,12.28,12.4,12.22,12.25,1199465,11.875443,15.71,15.71,15.16,15.38,2878518,15.38,5.94872,5.98077,5.83974,5.89103,24255326,5.483724
2018/4/4,10.96,11.36,10.91,10.99,39581226,10.960552,82.110001,82.690002,81.010002,81.199997,3707801,80.469116,10.63,10.85,10.57,10.75,26844085,10.598752,6.27,6.37,6.18,6.27,49514646,6.1187,15.44,15.5,14.86,14.95,3415503,14.551543,16.530001,16.66,16,16.02,11115292,16.02,4.34,4.37,4.3,4.32,2902541,4.32,11.42,11.49,11.06,11.09,7025464,10.037414,18.1633,18.265301,17.8367,17.8827,831824,17.585196,32.209999,32.799999,31.84,32.259998,200111,32.259998,19.9,20.26,19.34,19.469999,5644369,19.160114,8.58,8.6,8.08,8.14,9817329,8.019379,12.947,13.1483,12.8679,12.9326,3511110,12.71019,15.99,16.1,15.6,15.69,65885141,15.599781,6.25,6.27,6.16,6.16,1530100,5.994041,5.29,5.29,5.08,5.15,16816009,5.15,10.38,10.46,10.18,10.29,1935100,10.253331,7.05,7.08571,6.87143,6.9,20933122,6.554985,2.74,2.78,2.74,2.77,7606602,2.74301,4.05,4.12143,4.00714,4.04286,3564321,4.022208,4.87,4.94,4.76,4.78,2979594,4.712709,5.23,5.29,5.21,5.23,3458423,5.23,12.25,12.46,12.19,12.24,1342800,11.865747,15.41,15.63,14.95,14.99,1976206,14.99,5.90385,6.01923,5.84615,6.00641,30073194,5.591127
2018/4/9,11.36,12.09,11.16,12.09,110229528,12.057605,81.160004,84.699997,81.139999,84.669998,6001922,83.907883,10.72,10.78,10.31,10.34,23230895,10.19452,6.19,6.27,6.12,6.2,24663509,6.050389,14.8,15.08,14.2,14.59,2101900,14.201139,16.030001,17.09,15.81,16.940001,18805035,16.940001,4.3,4.35,4.24,4.31,2805300,4.31,11.08,11.24,11.07,11.18,4710764,10.118872,17.9286,18.3622,17.811199,18.051001,834960,17.750698,32.049999,32.5,31.620001,31.870001,137906,31.870001,19.51,20.799999,19.41,20.41,9943718,20.085154,8.13,8.23,8.04,8.17,3658429,8.048933,12.8679,13.2633,12.7961,13.249,4298630,13.021149,15.64,15.86,14.88,15.34,51743244,15.251795,6.12,6.17,6.1,6.14,1004480,5.97458,5.04,5.15,4.96,5.07,11143701,5.07,10.3,10.32,10.06,10.16,1870701,10.123795,6.87857,6.97143,6.84286,6.89286,17196611,6.548202,2.76,2.77,2.72,2.76,5917300,2.733107,4.04286,4.08571,4,4.03571,3020549,4.015094,4.77,4.85,4.74,4.79,2269750,4.722568,5.21,5.39,5.16,5.35,7478674,5.35,12.17,12.25,11.99,12.09,1112354,11.720335,14.96,15.36,14.76,15.08,2069606,15.08,5.92949,6,5.8141,5.85256,26475221,5.447914
2018/4/10,12.3,12.56,11.69,11.88,93229613,11.848167,84.599998,86.5,84.010002,85.029999,4610328,84.264641,10.37,10.56,10.2,10.43,22499014,10.283255,6.2,6.33,6.16,6.27,33353733,6.1187,14.6,14.9,14.36,14.58,1773701,14.191406,16.93,17.18,16.360001,16.799999,15235716,16.799999,4.36,4.37,4.28,4.33,3039900,4.33,11.3,11.5,11.23,11.45,5933915,10.363246,18.015301,18.4949,17.9643,18.2551,1269492,17.951401,31.85,32.279999,31.280001,31.5,179600,31.5,20.43,20.99,19.6,20.059999,7403070,19.740723,8.16,8.29,8.16,8.28,3414002,8.157304,13.4502,13.5149,13.1771,13.2777,4626038,13.049356,15.4,15.52,15.03,15.5,46394322,15.410873,6.13,6.18,6.1,6.14,1266855,5.97458,5.03,5.27,5,5.22,20806120,5.22,10.15,10.57,10.15,10.51,3264889,10.472548,6.92857,7.14286,6.87143,7.11428,28853349,6.758551,2.77,2.77,2.73,2.77,5967700,2.74301,4.05,4.07143,4,4.05,2177422,4.029312,4.78,4.82,4.74,4.8,2349348,4.732428,5.3,5.36,5.26,5.36,7202867,5.36,12.15,12.18,12.02,12.17,1030801,11.797889,14.98,15.2,14.6,14.86,1790600,14.86,5.85256,5.9359,5.84615,5.88461,13303728,5.477748
2018/4/11,11.68,12.19,11.55,12.08,63004638,12.047631,85.400002,85.879997,84.019997,84.489998,4054558,83.7295,10.48,10.73,10.42,10.69,26994085,10.539596,6.28,6.55,6.24,6.43,62598485,6.274839,14.65,14.84,14.48,14.6,1563905,14.210873,16.780001,17.639999,16.68,17.139999,21005608,17.139999,4.33,4.39,4.33,4.38,2967100,4.38,11.44,11.51,11.35,11.39,6138962,10.30894,18.4184,18.4949,18.1122,18.265301,973140,17.961432,31.780001,32.360001,31.25,31.98,192302,31.98,20.120001,20.66,20.120001,20.370001,5721643,20.04579,8.28,8.48,8.28,8.39,4852259,8.265674,13.5221,13.8384,13.5221,13.7809,9036577,13.543901,15.6,15.63,15.16,15.25,48802050,15.162312,6.15,6.16,6.12,6.14,2198079,5.97458,5.22,5.25,5.14,5.18,11454973,5.18,10.51,10.87,10.51,10.82,4841837,10.781442,7.14286,7.36428,7.14286,7.25,32030590,6.887484,2.77,2.79,2.77,2.78,6401300,2.752913,4.08571,4.42143,4.08571,4.3,8369085,4.278035,4.79,4.88,4.79,4.83,2222550,4.762004,5.36,5.48,5.33,5.43,7631685,5.43,12.2,12.38,12.2,12.32,1239902,11.943301,15,15.19,14.8,15.09,1824675,15.09,5.92308,5.99359,5.88461,5.9359,19424115,5.525492
2018/4/12,11.91,12.75,11.82,12.38,76571496,12.346828,84.830002,89.330002,84.260002,89.260002,8770521,88.456573,10.63,10.76,10.58,10.69,14025715,10.539596,6.36,6.52,6.23,6.36,35121233,6.206528,14.65,14.67,14.32,14.38,1182401,13.996737,17.02,17.280001,16.6,16.700001,13862651,16.700001,4.36,4.38,4.29,4.3,2878607,4.3,11.35,11.38,11.1,11.16,5627371,10.100769,18.265301,18.316299,17.658199,17.7092,1139544,17.414581,32.110001,32.299999,31.610001,31.790001,115902,31.790001,20.35,20.35,19.68,19.780001,4306222,19.465181,8.42,8.54,8.28,8.37,5259250,8.24597,13.6228,13.7522,13.4646,13.5006,5963912,13.268422,15.09,15.42,14.95,14.96,42495562,14.87398,6.13,6.13,6.08,6.11,1962702,5.945388,5.15,5.2,5.05,5.07,10160900,5.07,10.84,10.88,10.7,10.81,1337600,10.771479,7.21428,7.32857,7.17143,7.24286,17599971,6.880701,2.77,2.77,2.75,2.75,4429576,2.723205,4.28571,4.29286,4.17857,4.20714,5084304,4.185648,4.83,4.84,4.71,4.73,2206388,4.663413,5.44,5.44,5.35,5.4,5256385,5.4,12.26,12.31,12.08,12.14,1071601,11.768806,15.18,15.3,14.67,14.73,1735800,14.73,5.96154,5.96154,5.85256,5.87179,13081255,5.465814
2018/4/13,12.09,12.58,12.08,12.18,46232250,12.147364,88.75,89.589996,86.370003,86.879997,6040983,86.097992,10.69,10.79,10.51,10.57,10953946,10.421284,6.32,6.4,6.26,6.32,34700048,6.167493,14.46,14.6,14.35,14.54,811000,14.152472,16.870001,17.370001,16.799999,17.219999,21245732,17.219999,4.33,4.35,4.28,4.3,2055590,4.3,11.23,11.29,11.07,11.12,4492555,10.064567,17.7092,17.898001,17.0051,17.051001,2517290,16.767334,31.889999,31.969999,31.610001,31.790001,1.00E+05,31.790001,19.809999,20.27,19.799999,19.82,4129899,19.504543,8.37,8.54,8.32,8.39,3113963,8.265674,13.5149,13.5724,13.3712,13.4502,4274178,13.218888,15.13,15.17,14.9,14.99,34101067,14.903807,6.11,6.16,6.07,6.08,2892520,5.916196,5.06,5.1,4.77,4.87,21465500,4.87,10.81,11.89,10.81,11.12,11240439,11.080374,7.28571,7.35,7.12143,7.18571,15530999,6.826409,2.76,2.77,2.75,2.76,4075040,2.733107,4.22143,4.27143,4.16429,4.19286,2534404,4.171442,4.73,4.82,4.7,4.71,1602350,4.643694,5.41,5.43,5.35,5.35,2861145,5.35,12.15,12.27,12.11,12.11,610354,11.739723,14.73,15.27,14.69,14.97,1835800,14.97,5.9359,5.94872,5.82692,5.86538,13775838,5.459847
2018/4/16,12.3,12.43,11.93,12.28,44460025,12.247095,86.010002,88.269997,84.989998,87.860001,4954579,87.069176,10.58,10.65,10.33,10.47,13319582,10.322691,6.3,6.3,6.16,6.2,18929596,6.050389,14.63,14.63,14.21,14.31,743011,13.928602,17.24,18.299999,17.07,18.120001,41671844,18.120001,4.26,4.32,4.22,4.23,2708839,4.23,11.14,11.14,10.65,10.66,8232497,9.648227,16.846901,17.5,16.5714,16.75,2678218,16.471338,31.719999,32,31.110001,31.209999,161521,31.209999,19.879999,20.09,19.25,19.33,5888173,19.022343,8.34,8.41,8.09,8.13,4116734,8.009526,13.4646,13.5724,13.1339,13.1986,4077675,12.971616,14.8,15.36,14.68,15.29,51264862,15.202081,6.07,6.1,6.01,6.02,1272261,5.857813,4.82,4.89,4.48,4.58,22648777,4.58,10.74,10.74,10.27,10.44,6202890,10.402797,7.18571,7.19286,6.85714,6.92143,25041783,6.575344,2.76,2.77,2.71,2.73,4704620,2.7034,4.16429,4.20714,4.05714,4.06428,3059840,4.043519,4.7,4.73,4.6,4.61,2218511,4.545102,5.37,5.39,5.26,5.29,3375400,5.29,12.1,12.25,12.03,12.09,814700,11.720335,14.72,14.89,14.5,14.74,1616800,14.74,5.85897,5.89103,5.67308,5.69231,19935225,5.298743
2018/4/17,12.24,12.52,11.9,11.97,41960413,11.937926,89,89,84.900002,85.120003,5377892,84.353836,10.47,10.48,10,10.04,26927583,9.898741,6.16,6.22,6.03,6.13,21442504,5.982078,14.43,14.43,13.66,13.69,1014900,13.325126,17.969999,17.969999,16.66,16.85,23421082,16.85,4.23,4.25,4.08,4.11,3094133,4.11,10.7,10.76,10.25,10.34,7867663,9.358599,16.8214,17.1735,16.4643,16.8929,1632975,16.611862,31.120001,31.42,30.02,30.26,207400,30.26,19.68,19.940001,18.66,19.01,6572035,18.707436,8.12,8.24,8,8.05,3553694,7.930712,13.2777,13.3999,12.9255,12.9686,4083041,12.745571,15.4,15.95,15.06,15.46,83916069,15.371104,6.06,6.06,5.93,5.95,1435060,5.789699,4.55,4.74,4.51,4.62,17113680,4.62,10.49,10.64,10,10.36,4019290,10.323082,6.89286,6.97857,6.75714,6.76429,13616675,6.426061,2.74,2.74,2.66,2.67,6454960,2.643985,4.07857,4.09286,3.78571,3.95714,3532480,3.936926,4.59,4.69,4.55,4.57,2084050,4.505665,5.3,5.33,5.12,5.16,3702835,5.16,12.18,12.18,11.8,11.83,972700,11.468284,14.75,14.8,13.74,13.77,2473900,13.77,5.72436,5.74359,5.55128,5.57692,14872461,5.191332
2018/4/18,12.04,12.27,11.53,12.12,48481338,12.087524,85.43,86,82.279999,85.160004,5700211,84.393478,10.23,11.04,10.23,11.03,87895815,10.874812,6.16,6.49,6.13,6.35,68745983,6.196769,13.8,14.09,13.5,14.07,718809,13.694999,17,17.58,16.309999,17.41,21918234,17.41,4.13,4.14,3.97,4.08,3148584,4.08,10.41,10.5,10.22,10.45,4700665,9.458158,16.9949,17.234699,16.5306,17.1429,1711511,16.857702,30.26,30.6,29.200001,30.290001,330918,30.290001,19.129999,19.35,18,18.73,7718772,18.431892,8.05,8.17,7.93,8.16,3999612,8.039082,13.0477,13.2202,12.7673,13.1843,4064877,12.957562,15.69,17,15.5,16.76,194109106,16.663628,5.99,6.01,5.87,5.98,1421660,5.818891,4.65,4.7,4.51,4.67,11262760,4.67,10.4,10.47,10.12,10.3,2446500,10.263296,6.86428,6.90714,6.79286,6.86428,15867068,6.521051,2.68,2.7,2.64,2.69,5378006,2.66379,3.95714,3.95714,3.95714,3.95714,0,3.936926,4.64,4.64,4.32,4.54,2522268,4.476087,5.18,5.23,5.12,5.21,3330501,5.21,11.89,12.07,11.71,12.03,864765,11.662169,13.82,14.39,13.45,14.3,2122248,14.3,5.64103,5.64744,5.44231,5.55769,16882198,5.173431
2018/4/19,11.98,12.72,11.91,12.54,76952350,12.506399,85.389999,86.580002,84.330002,85.5,3175006,84.730415,10.95,12.13,10.9,11.73,89453373,11.564963,6.3,6.34,6.17,6.19,23968092,6.04063,13.83,13.83,13.36,13.58,1596900,13.218058,17.379999,17.450001,16.73,16.870001,17328320,16.870001,4.07,4.11,4.05,4.08,2036185,4.08,10.4,10.57,10.4,10.57,5243193,9.566768,17.239799,17.601999,16.9694,17.398001,1356776,17.108561,29.65,30.190001,29.559999,30.09,157200,30.09,18.75,20.370001,18.51,20.129999,11220942,19.809608,8.1,8.22,8.09,8.17,2640630,8.048933,13.1843,13.1843,13.1843,13.1843,0,12.957562,16.719999,16.719999,16.1,16.280001,134976236,16.18639,6,6.18,5.97,6.14,3371399,5.97458,4.67,4.74,4.63,4.68,9624280,4.68,10.34,10.35,10.16,10.22,2475391,10.183581,6.82857,6.90714,6.8,6.87857,10699141,6.534626,2.68,2.71,2.67,2.69,3376302,2.66379,3.95714,3.95714,3.95714,3.95714,0,3.936926,4.55,4.56,4.42,4.52,2827927,4.456369,5.21,5.26,5.17,5.22,3373300,5.22,12.09,12.17,11.94,12.15,932932,11.7785,14.31,15.23,14.13,14.92,3814968,14.92,5.52564,5.64103,5.51282,5.62179,17568384,5.233099
2018/4/20,12.4,12.63,12.05,12.1,47720581,12.067578,85.029999,87.459999,85,85.68,3501350,84.908791,11.8,11.92,11.52,11.69,39289496,11.525526,6.14,6.21,6.03,6.07,23632279,5.923526,13.45,13.69,12.93,13,1428000,12.653517,17.030001,17.190001,16.33,16.51,13132597,16.51,4.08,4.08,3.97,3.98,1851275,3.98,10.56,10.56,10.02,10.04,7113353,9.087072,17.316299,17.566299,17.020399,17.0867,849573,16.802439,29.6,30,29.02,29.219999,131900,29.219999,19.85,19.870001,19.25,19.33,7752858,19.022343,8.11,8.19,7.94,7.95,3224101,7.832193,14.241,14.4782,13.9894,14.2554,19654916,14.010241,16.120001,16.93,16.040001,16.33,127778457,16.236101,6.1,6.15,6.03,6.06,3823840,5.896735,4.66,4.68,4.52,4.53,9182802,4.53,10.19,10.24,9.95,9.96,1850191,9.924507,6.87857,6.89286,6.64286,6.87143,21489364,6.527843,2.69,2.69,2.64,2.66,6294461,2.634082,4.37143,4.63571,4.35,4.49286,28547733,4.469909,4.51,4.51,4.36,4.37,3078460,4.30848,5.19,5.21,5.01,5.03,6015070,5.03,12.23,12.23,11.78,11.81,1347489,11.448896,14.74,15.55,14.6,14.95,3815202,14.95,5.61538,5.6282,5.37179,5.3782,23173016,5.006351
2018/4/23,12.12,12.15,11.03,11.32,47920699,11.289667,85.669998,87.68,85.669998,86.769997,3623323,85.988976,11.65,11.95,11.26,11.43,43911566,11.269184,6.07,6.07,5.81,5.95,14247148,5.806421,12.9,13.15,12.71,12.86,534300,12.517248,16.549999,16.74,15.11,15.72,16037210,15.72,3.99,4,3.89,3.94,2093541,3.94,10.05,10.25,9.98,10.1,4311917,9.141378,17.3367,17.3367,16.6429,16.8622,892748,16.581673,29.219999,29.219999,26.43,27.360001,982719,27.360001,19.040001,19.48,18.1,18.66,6396683,18.363007,8,8.05,7.86,7.93,2829750,7.81249,14.0182,14.126,13.6156,13.9247,11788852,13.685228,16.43,16.43,15.31,15.83,90736264,15.738976,6.05,6.25,6.05,6.21,7584058,6.042694,4.5,4.55,4.36,4.41,8143630,4.41,10.02,10.2,9.88,10.01,1370700,9.974329,6.78571,6.85,6.64286,6.72143,15933139,6.385344,2.65,2.67,2.62,2.65,4638836,2.624179,4.28571,4.71428,4.22143,4.71428,26388231,4.690198,4.4,4.46,4.32,4.36,1868351,4.298622,5.04,5.08,4.95,4.97,4081600,4.97,11.78,11.9,11.46,11.56,1271356,11.20654,14.88,15.06,14.31,14.57,2368170,14.57,5.46795,5.46795,5.32051,5.40385,10139853,5.030228
2018/4/24,11.33,11.56,11.11,11.48,26166805,11.449239,86.110001,88.480003,86.110001,88.029999,3957258,87.23764,11.46,12.1,11.46,11.95,55520749,11.781868,5.9,6.05,5.87,5.98,16863184,5.835698,12.97,13.25,12.86,13.22,725800,12.867653,15.76,16.219999,15.63,16.209999,13436423,16.209999,3.96,4.03,3.93,4.02,2206701,4.02,10.14,10.43,10.13,10.37,5664270,9.385751,16.683701,17.2194,16.683701,17.1684,684982,16.88278,27,27.870001,26.74,27.719999,367012,27.719999,18.67,19.129999,18.620001,19,4005181,18.697596,7.95,8.16,7.93,8.13,3190909,8.009526,13.5509,14.0613,13.5149,14.0253,10040964,13.784098,15.57,16.27,15.26,16.09,74212304,15.997481,6.19,6.38,6.15,6.37,7651149,6.198383,4.46,4.56,4.43,4.53,6294511,4.53,10.1,10.21,10.02,10.15,1413919,10.11383,6.71428,6.97857,6.71428,6.87857,20000972,6.534626,2.65,2.7,2.64,2.69,5193570,2.66379,4.63571,4.87857,4.53571,4.68571,21312387,4.661774,4.38,4.47,4.34,4.44,1918400,4.377495,4.98,5.09,4.98,5.08,3396501,5.08,11.56,11.75,11.56,11.71,1091801,11.351954,14.5,15.2,14.32,15.13,2973470,15.13,5.40385,5.50641,5.39103,5.5,12361561,5.11973
2018/4/25,11.4,11.63,11.37,11.49,22665827,11.459212,87.970001,90.68,87.400002,89.980003,6235154,89.170097,11.88,12.03,11.57,11.59,39937721,11.426933,5.94,5.94,5.81,5.84,11032044,5.699077,13.2,13.35,13.1,13.33,669154,12.974722,16.049999,16.58,16.01,16.24,13161505,16.24,4.01,4.07,3.96,4.05,3253504,4.05,10.28,10.35,10.23,10.3,3638723,9.322395,17.096901,17.591801,16.943899,17.5408,1389367,17.248983,27.620001,29.950001,27.309999,29.67,458016,29.67,18.950001,19.280001,18.82,18.99,3427873,18.687754,8.07,8.2,8.07,8.19,2514423,8.068637,13.8169,13.9894,13.7665,13.9391,6779398,13.699381,15.82,16.18,15.78,15.87,49123201,15.778746,6.33,6.47,6.27,6.43,5501918,6.256767,4.52,4.73,4.49,4.64,10412683,4.64,10.1,10.15,10.01,10.1,1274618,10.06401,6.85714,6.94286,6.79286,6.90714,9690409,6.561768,2.67,2.7,2.67,2.69,4289440,2.66379,4.66429,4.66429,4.51429,4.53571,11740668,4.51254,4.45,4.47,4.36,4.47,2092039,4.407073,5.06,5.11,5.04,5.1,3624624,5.1,11.68,11.68,11.56,11.57,1212618,11.216234,14.98,16.379999,14.85,15.65,5827358,15.65,5.44231,5.47436,5.39103,5.45513,12994959,5.077962
2018/4/26,11.42,11.46,10.8,10.83,35171470,10.800981,90,90.349998,88.190002,89.150002,3620690,88.347565,11.64,11.97,11.64,11.92,33146776,11.75229,5.83,5.86,5.65,5.71,12997028,5.572213,13.33,13.33,12.74,12.92,725800,12.575649,16.1,16.65,16.030001,16.07,12731407,16.07,4.06,4.27,4.01,4.13,6892965,4.13,10.35,10.35,10,10.02,4730866,9.068972,17.6429,18.0714,17.3776,17.688801,896799,17.394524,29.5,29.5,28.450001,28.629999,294600,28.629999,19.030001,19.35,18.5,18.6,3794856,18.303961,8.19,8.24,7.95,7.99,3490095,7.871601,13.9822,14.0182,13.3855,13.4574,7137878,13.225965,15.89,17.280001,15.8,16.450001,125351527,16.355412,6.47,6.53,6.32,6.36,7138299,6.188653,4.63,4.63,4.46,4.53,10362426,4.53,10.08,10.13,9.78,9.83,1506030,9.794971,6.92857,6.95,6.73571,6.89286,11694022,6.548202,2.69,2.69,2.64,2.65,6321163,2.624179,4.51429,4.58571,4.44286,4.53571,7344969,4.51254,4.79,4.92,4.69,4.72,21086642,4.653553,5.09,5.1,4.97,5.01,4087296,5.01,11.69,11.69,11.41,11.44,939400,11.090208,15.45,17.219999,15.31,17.219999,9437659,17.219999,5.46795,5.47436,5.32051,5.32051,14482330,4.95265
2018/4/27,10.8,11.03,10.53,10.95,26707118,10.920659,90.510002,97,90.510002,93.459999,10353823,92.618767,12.05,12.06,11.63,11.78,29599945,11.61426,5.74,5.77,5.46,5.68,23688964,5.542937,12.8,13.04,12.66,12.91,565000,12.565915,15.95,16.5,15.64,16.370001,11343935,16.370001,4.08,4.08,4,4.04,3460290,4.04,10.02,10.13,9.58,9.68,9266585,8.761242,17.601999,17.601999,17.051001,17.2857,1306144,16.998129,28.379999,29.4,28.02,29.040001,253684,29.040001,18.700001,19,18.559999,18.83,2817296,18.530302,8.04,8.06,7.93,7.98,2246192,7.861749,13.3784,13.5149,12.9542,13.098,8062462,12.872746,16.719999,16.780001,15.5,15.9,82936255,15.808573,6.44,6.61,6.37,6.48,8218477,6.30542,4.51,4.56,4.45,4.49,5704088,4.49,9.79,9.93,9.79,9.82,1043430,9.785007,6.92143,6.94286,6.78571,6.92143,13311446,6.575344,2.65,2.67,2.63,2.64,4498500,2.614277,4.5,4.67143,4.5,4.58571,8970297,4.562285,4.5,4.7,4.43,4.52,10011245,4.456369,5.05,5.07,5,5.04,2474445,5.04,11.46,11.79,11.39,11.43,943857,11.080516,17.219999,17.219999,17.219999,17.219999,0,17.219999,5.35256,5.41667,5.26923,5.39103,10360644,5.018294
2018/5/2,10.9,11.09,10.55,10.66,19371455,10.631436,94.68,97.360001,93.629997,95.110001,6545224,94.253914,11.78,12.09,11.75,12.03,23101466,11.860743,5.68,5.74,5.6,5.69,13040599,5.552696,12.9,13.12,12.7,12.77,364000,12.429647,16.280001,16.49,15.82,16.02,10418554,16.02,4.05,4.06,3.96,3.97,2311000,3.97,9.47,9.54,9.18,9.31,9082950,8.426359,17.193899,17.193899,16.265301,16.551001,3105133,16.275652,29,29,28.17,28.459999,214001,28.459999,18.809999,18.83,18.15,18.610001,3816942,18.313805,7.95,8.03,7.85,7.97,2168742,7.851897,13.1124,13.2777,12.9542,13.249,3394210,13.021149,15.7,15.86,15.31,15.5,50185988,15.410873,6.57,6.61,6.5,6.6,6116208,6.422187,4.49,4.53,4.32,4.4,5584500,4.4,9.83,9.88,9.66,9.71,643500,9.675398,6.97143,7.10714,6.92857,7.00714,17054258,6.656768,2.64,2.66,2.63,2.65,3534637,2.624179,4.62857,4.65,4.35,4.39286,7749897,4.37042,4.48,4.5,4.3,4.37,5654807,4.30848,5,5,4.59,4.68,11336496,4.68,11.56,12.38,11.56,12.24,5285894,11.865747,17.219999,17.219999,17.219999,17.219999,0,17.219999,5.39103,5.45513,5.28846,5.3141,11016389,4.946682
2018/5/3,10.47,10.64,10.04,10.53,26369629,10.501784,94.709999,94.800003,92.589996,93.970001,5080106,93.124176,11.99,12.6,11.93,12.4,32557277,12.225536,5.65,5.73,5.55,5.7,14389117,5.562454,12.77,12.98,12.56,12.95,497100,12.60485,15.88,16.209999,15.28,16.129999,9936158,16.129999,3.97,4.02,3.95,4.01,2281600,4.01,9.31,9.44,9.21,9.42,4042805,8.525919,16.6224,16.6224,16.2551,16.5714,875455,16.29571,28.059999,28.92,27.780001,28.74,178203,28.74,18.58,18.59,18.1,18.5,2644859,18.205553,7.97,8.05,7.85,8.03,2807481,7.911007,13.2274,13.2993,13.0189,13.2418,3148642,13.014073,15.3,15.67,14.66,15.51,57939319,15.420816,6.59,6.68,6.52,6.64,6581854,6.461109,4.37,4.59,4.31,4.57,7829989,4.57,9.71,9.84,9.64,9.8,855700,9.765078,7.00714,7.14286,7,7.11428,22456235,6.758551,2.63,2.65,2.59,2.64,5830939,2.614277,4.38571,4.48571,4.30714,4.47857,5583690,4.455692,4.36,4.45,4.32,4.37,3186931,4.30848,4.66,4.72,4.59,4.68,3918422,4.68,12.23,12.37,12.01,12.32,3220326,11.943301,16.200001,18.76,15.7,18.76,17345766,18.76,5.33333,5.37179,5.26923,5.34615,9310423,4.976517
2018/5/4,10.47,10.9,10.4,10.64,21143441,10.61149,94.449997,96.480003,93.68,95.639999,4045190,94.779144,12.29,12.99,12.06,12.08,32935105,11.910039,5.67,5.82,5.65,5.71,19828100,5.572213,12.9,13.07,12.82,12.89,484500,12.546449,15.9,16.27,15.65,15.72,9497092,15.72,4.01,4.02,3.99,4,1801315,4,9.42,9.58,9.37,9.42,4069928,8.525919,16.265301,16.775499,16.265301,16.5408,541222,16.265621,28.75,28.75,28.219999,28.57,86376,28.57,18.41,18.959999,18.4,18.559999,2976413,18.264597,8.03,8.12,7.99,8.05,2274954,7.930712,13.2418,13.2849,13.0261,13.1411,3538409,12.915104,15.38,16.110001,15.21,15.53,59927976,15.440701,6.59,6.67,6.52,6.58,2835226,6.402726,4.55,4.68,4.46,4.55,9807630,4.55,9.82,9.88,9.75,9.78,710400,9.745149,7.17857,7.25,7.08571,7.21428,28085152,6.85355,2.64,2.67,2.63,2.67,4518237,2.643985,4.46428,4.47857,4.35714,4.39286,4253009,4.37042,4.39,4.43,4.34,4.4,2963691,4.338058,4.67,4.72,4.66,4.66,2132570,4.66,12.21,12.38,12.2,12.33,1950267,11.952996,18.08,20.639999,17.780001,19.66,29665028,19.66,5.35897,5.37179,5.30769,5.33333,7517789,4.964584
2018/5/7,10.61,10.84,10.59,10.76,13875082,10.731169,96,98.879997,94.900002,98.25,5435993,97.365654,12.28,13.26,12.21,13.21,43403068,13.02414,5.71,5.92,5.71,5.85,27602948,5.708835,12.93,13.42,12.82,13.28,603599,12.926054,15.74,16.16,15.74,16.16,10452017,16.16,4,4.08,3.99,4.06,3115770,4.06,9.46,9.61,9.39,9.59,4272557,8.679783,16.7092,17.2449,16.648001,17.239799,1599663,16.952991,28.629999,29.379999,27.5,29.290001,250192,29.290001,18.559999,19.1,18.549999,19.049999,3323821,18.746798,8.05,8.18,8.04,8.16,3430982,8.039082,13.1267,13.3352,13.0836,13.328,4501180,13.09879,15.53,15.85,15.35,15.75,46609386,15.659437,6.65,6.87,6.65,6.85,7317872,6.665452,4.52,4.66,4.51,4.64,9263720,4.64,9.6,9.89,9.6,9.87,940945,9.834828,7.28571,7.34286,7.16429,7.3,21447693,6.934984,2.67,2.71,2.66,2.7,5944834,2.673692,4.39286,4.45714,4.36428,4.45,3752550,4.427268,4.39,4.45,4.37,4.43,3178284,4.367636,4.69,4.74,4.65,4.73,4040420,4.73,12.36,12.66,12.27,12.55,2695022,12.166269,18.9,21.629999,17.690001,21.02,28844384,21.02,5.32051,5.42949,5.29487,5.42308,11671837,5.048128
2018/5/8,11.02,11.2,10.82,10.9,28313275,10.870792,98.519997,99.459999,96.120003,96.970001,5629628,96.097176,13.19,13.19,12.68,12.96,32726763,12.777658,5.85,5.96,5.83,5.86,21073588,5.718594,13.28,13.45,13.22,13.27,449399,12.916321,16.17,16.299999,16.01,16.24,7576533,16.24,4.05,4.09,4.03,4.07,3300157,4.07,9.55,9.63,9.53,9.57,4044379,8.661681,17.2194,17.346901,16.8622,16.9133,1082900,16.631922,29.030001,29.299999,28.85,29.25,208803,29.25,19,19.530001,18.940001,19.4,5387388,19.091228,8.16,8.33,8.15,8.31,4486596,8.18686,13.2633,13.4646,13.2633,13.4071,5618586,13.17653,15.73,15.82,15.39,15.61,47802824,15.520241,6.86,7,6.76,6.97,8435997,6.782218,4.65,4.95,4.58,4.77,16041823,4.77,9.84,9.96,9.84,9.93,952834,9.894615,7.3,7.48571,7.23571,7.35,27702199,6.982484,2.69,2.7,2.67,2.69,5508092,2.66379,4.45,4.65,4.4,4.63571,9225017,4.612029,4.43,4.47,4.4,4.45,2628667,4.387354,4.73,4.76,4.71,4.76,2766719,4.76,12.48,12.64,12.45,12.57,1977921,12.185658,20.549999,22.77,19.9,20.34,27786602,20.34,5.41667,5.44872,5.39103,5.42949,11133053,5.054095
2018/5/9,10.84,10.95,10.69,10.79,14463859,10.761087,96.5,97.669998,96.199997,96.959999,2568411,96.087265,13.01,13.04,12.43,12.61,29542854,12.432582,5.84,5.98,5.72,5.8,30568011,5.660042,13.4,13.48,13.15,13.39,606701,13.033122,16.23,16.559999,16.110001,16.370001,11517012,16.370001,4.06,4.09,4.05,4.07,2926736,4.07,9.58,9.64,9.54,9.6,3491832,8.688835,16.9133,17.0357,16.2857,16.341801,2802306,16.069931,29.25,29.25,28.799999,29.110001,149330,29.110001,19.299999,19.42,19.1,19.24,3161191,18.933777,8.4,8.42,8.22,8.25,6728028,8.127748,13.4071,13.4071,13.2058,13.2561,3995925,13.028127,15.53,15.97,15.48,15.65,46694547,15.560011,6.96,7.01,6.8,6.88,7045553,6.694643,4.73,4.88,4.73,4.82,12915751,4.82,9.95,10.14,9.93,10.01,1468233,9.974329,7.34286,7.42143,7.19286,7.22143,22301332,6.860343,2.69,2.7,2.67,2.69,4027900,2.66379,4.59286,4.72143,4.54286,4.67143,7696607,4.647567,4.42,4.46,4.39,4.43,2724717,4.367636,4.76,4.78,4.71,4.77,2730906,4.77,12.55,12.6,12.4,12.5,1948957,12.117799,19.1,19.99,19.01,19.209999,19002736,19.209999,5.42949,5.42949,5.35256,5.3782,12823692,5.006351
2018/5/10,10.9,10.92,10.59,10.68,14067371,10.651383,96.489998,99.199997,95.93,98.959999,5090992,98.06926,12.61,12.94,12.6,12.7,17214755,12.521316,5.72,5.75,5.6,5.69,16262277,5.552696,13.47,13.68,13.39,13.59,649953,13.227792,16.299999,16.42,15.72,15.99,11567512,15.99,4.07,4.1,4.06,4.09,3792220,4.09,9.6,9.69,9.58,9.68,4272862,8.761242,16.3673,16.551001,16.25,16.479601,1651684,16.205441,29.209999,29.26,28.83,29.190001,299813,29.190001,19.25,19.389999,18.879999,19.07,3612082,18.766481,8.26,8.36,8.23,8.34,3954634,8.216415,13.2849,13.6012,13.249,13.5796,6889277,13.346064,15.55,15.62,15.04,15.28,56137861,15.192139,6.89,6.96,6.78,6.86,4155559,6.675182,4.8,4.84,4.73,4.76,8120721,4.76,10,10.05,9.98,10.03,904574,9.994258,7.28571,7.41429,7.21428,7.25714,19825366,6.894268,2.7,2.72,2.69,2.71,5794472,2.683595,4.68571,4.68571,4.57143,4.61428,4841597,4.590709,4.43,4.54,4.41,4.51,4785219,4.44651,4.78,4.85,4.75,4.85,4309800,4.85,12.58,12.59,12.46,12.56,1591470,12.175964,18.950001,19.639999,18.73,19.25,13355684,19.25,5.39103,5.41026,5.35897,5.39744,10267283,5.024261
2018/5/11,10.68,10.72,10.42,10.48,14095648,10.451918,98.550003,101.599998,97.080002,97.190002,6220943,96.315193,12.82,12.98,12.59,12.62,19124092,12.442441,5.68,5.68,5.57,5.67,13351984,5.533178,13.68,13.68,13.23,13.29,591700,12.935787,16.07,16.07,15.62,15.64,7546949,15.64,4.08,4.09,4.02,4.03,2225300,4.03,9.64,9.66,9.51,9.54,3762014,8.634528,16.484699,16.489799,16.224501,16.2551,1133748,15.984674,29.190001,29.379999,28.360001,28.68,259100,28.68,19.059999,19.48,19.040001,19.32,5229982,19.012503,8.33,8.37,8.21,8.24,2780196,8.117896,13.5653,13.7162,13.4502,13.6228,7145807,13.38852,15.3,15.35,15.05,15.07,30217071,14.983346,6.8,6.85,6.7,6.73,3179701,6.548685,4.77,4.82,4.73,4.76,5915300,4.76,10.03,10.09,9.8,9.81,1045700,9.775043,7.30714,7.37857,7.22857,7.24286,15330042,6.880701,2.7,2.72,2.69,2.7,3544716,2.673692,4.57143,4.60714,4.47143,4.49286,6399160,4.469909,4.51,4.52,4.43,4.44,2659705,4.377495,4.83,4.84,4.74,4.75,3324106,4.75,12.59,12.89,12.56,12.73,3402238,12.340765,19.26,19.26,17.92,18,12151288,18,5.40385,5.40385,5.29487,5.30769,14946530,4.940717
2018/5/14,10.42,10.58,10.2,10.26,14016750,10.232509,97.230003,101.959999,96.410004,101.870003,6933472,100.953072,12.7,12.84,12.5,12.64,18239531,12.46216,5.63,5.64,5.54,5.63,15307904,5.494143,13.18,13.27,13.05,13.1,437200,12.750852,15.62,15.79,15.26,15.5,9208876,15.5,4.03,4.03,3.96,3.98,2344531,3.98,9.55,9.62,9.42,9.49,3428046,8.589274,16.2194,16.2857,15.9847,15.9949,1074542,15.728802,28.66,28.85,28.23,28.530001,155670,28.530001,19.450001,19.549999,19.08,19.360001,3784769,19.051868,8.24,8.29,8.16,8.19,2766400,8.068637,13.6587,13.9247,13.5724,13.6084,8412143,13.374369,15.08,15.25,14.86,14.99,34952989,14.903807,6.72,6.83,6.66,6.69,5000649,6.509762,4.76,4.77,4.55,4.59,8552600,4.59,9.75,9.83,9.38,9.45,2593084,9.416325,7.27143,7.36428,7.11428,7.12857,15429747,6.772126,2.69,2.7,2.67,2.67,3165380,2.643985,4.49286,4.53571,4.45714,4.50714,2761101,4.484117,4.42,4.46,4.4,4.41,2232579,4.347918,4.74,4.76,4.69,4.71,3260520,4.71,12.73,12.74,12.51,12.53,1890465,12.146881,17.969999,18.35,17.48,17.799999,7715003,17.799999,5.30769,5.32692,5.28846,5.30769,7744159,4.940717
2018/5/15,10.26,10.65,10.26,10.53,14388623,10.501784,102.970001,103.879997,101.169998,102.919998,5390240,101.993614,12.78,13,12.7,12.95,22876432,12.767798,5.61,5.62,5.54,5.6,9840528,5.464868,13.05,13.29,12.92,13.27,565300,12.916321,15.5,15.61,15.18,15.48,10051721,15.48,3.98,4.01,3.94,4.01,2032819,4.01,9.5,9.53,9.32,9.52,3910399,8.616428,16.0459,16.3622,16.020399,16.346901,726873,16.074945,28.530001,28.799999,28.110001,28.780001,172410,28.780001,19.370001,19.370001,19,19.27,3134516,18.963297,8.17,8.22,8.08,8.21,2401770,8.088341,13.6228,13.8528,13.4359,13.7522,6319893,13.515696,14.91,15.17,14.78,15.09,34223399,15.003231,6.7,6.81,6.67,6.7,3854155,6.519493,4.57,4.66,4.53,4.63,4168651,4.63,9.47,9.47,9.29,9.45,1200991,9.416325,7.14286,7.29286,7.12143,7.27143,19762598,6.907843,2.68,2.73,2.64,2.73,8701372,2.7034,4.51429,4.64286,4.51429,4.63571,4935373,4.612029,4.39,4.44,4.38,4.43,1832796,4.367636,4.73,4.76,4.67,4.74,2230850,4.74,12.51,12.65,12.38,12.64,1725881,12.253518,17.719999,18.4,17.719999,18.17,9703658,18.17,5.30769,5.30769,5.23077,5.28846,11458583,4.922816
2018/5/16,10.5,10.69,10.32,10.47,12770409,10.441946,102.800003,111,102,108.760002,8596830,107.781052,12.72,12.88,12.38,12.52,23984429,12.343849,5.58,5.6,5.54,5.58,7117288,5.44535,13.25,13.34,13.1,13.25,540405,12.896853,15.42,15.46,15.16,15.21,7827530,15.21,4.01,4.02,3.97,3.98,2069225,3.98,9.5,9.57,9.4,9.5,3220846,8.598326,16.2806,16.4235,16.1276,16.2041,1001238,15.934521,28.5,28.74,28.49,28.65,104310,28.65,19.299999,19.299999,18.59,18.620001,5294411,18.323643,8.21,8.23,8.12,8.14,2001726,8.019379,13.6012,13.6515,13.2561,13.2921,5664611,13.063507,15,15.04,14.82,14.83,29457459,14.744726,6.68,6.82,6.68,6.72,2886403,6.538954,4.61,4.88,4.61,4.81,12407320,4.81,9.45,9.46,9.32,9.39,767828,9.356539,7.3,7.34286,7.1,7.12857,20287367,6.772126,2.72,2.87,2.69,2.76,22949082,2.733107,4.60714,4.72143,4.55,4.58571,6090121,4.562285,4.39,4.43,4.38,4.42,1857259,4.357777,4.74,4.74,4.68,4.69,2636000,4.69,12.6,12.85,12.51,12.73,1832002,12.340765,17.93,18.9,17.549999,18.200001,12636992,18.200001,5.30128,5.30128,5.22436,5.23077,10985682,4.869114
2018/5/17,10.48,10.51,10.25,10.31,10428900,10.282374,108.760002,109.309998,106,107.989998,6416174,107.017975,12.61,12.66,12.23,12.27,23818993,12.097366,5.58,5.62,5.53,5.58,9259944,5.44535,13.3,13.3,13.12,13.13,424501,12.780051,15.2,15.28,15.01,15.07,5719807,15.07,3.96,4.02,3.95,4,1771406,4,9.51,9.53,9.35,9.42,3151101,8.525919,16.301001,16.301001,16.1327,16.158199,557494,15.889384,28.26,28.629999,27.92,28.370001,106800,28.370001,18.549999,18.700001,18.299999,18.389999,3473468,18.097301,8.12,8.2,8.1,8.17,2136800,8.048933,13.3712,13.3712,13.1267,13.1555,3579701,12.929256,14.83,15.05,14.62,14.64,33242188,14.55582,6.69,6.75,6.67,6.69,2429368,6.509762,4.77,4.81,4.68,4.77,9091300,4.77,9.42,9.48,9.36,9.4,793300,9.366502,7.08571,7.15714,6.98571,6.99286,18553166,6.643201,2.75,2.76,2.71,2.74,10992482,2.713302,4.56428,4.60714,4.45,4.48571,4798263,4.462796,4.42,4.56,4.38,4.53,5423297,4.466228,4.71,4.76,4.66,4.72,3889262,4.72,12.77,12.8,12.6,12.74,1188101,12.35046,17.969999,18.85,17.77,18.379999,11633881,18.379999,5.26923,5.39744,5.23077,5.39103,18443521,5.018294
2018/5/18,10.31,10.41,10.25,10.38,8164197,10.352186,107.309998,108.790001,105.699997,108.199997,5058526,107.226089,12.31,12.31,11.7,11.89,37696078,11.722713,5.58,5.58,5.5,5.56,13492097,5.425833,13.1,13.24,13.1,13.18,347001,12.82872,15.12,15.27,14.98,15.2,5585062,15.2,3.99,4.07,3.97,4.07,2683901,4.07,9.41,9.45,9.33,9.44,2561028,8.54402,16.0765,16.239799,16.0714,16.188801,560983,15.919477,28.360001,28.75,27.6,28.41,197823,28.41,18.290001,18.75,18.280001,18.629999,2753903,18.333483,8.18,8.29,8.13,8.28,3359413,8.157304,13.1196,13.4934,13.1124,13.4215,4322294,13.190682,14.68,14.73,14.05,14.4,40448684,14.317199,6.68,6.78,6.67,6.77,4809148,6.587607,4.78,4.8,4.67,4.72,5734600,4.72,9.4,9.5,9.35,9.46,841400,9.42629,7,7.07857,6.95,7.07143,13130919,6.717843,2.73,2.74,2.68,2.72,10456580,2.693497,4.44286,4.53571,4.42857,4.51429,3860150,4.49123,4.5,4.59,4.5,4.53,3671350,4.466228,4.71,4.81,4.7,4.78,6051463,4.78,12.79,12.79,12.61,12.72,1045100,12.331072,18.200001,18.540001,17.58,17.889999,7179325,17.889999,5.39103,5.44872,5.35256,5.41026,15654918,5.036195
2018/5/21,10.51,10.56,10.45,10.54,11988801,10.511758,108.199997,109,107.010002,108.970001,4496497,107.989159,12.12,12.15,11.8,11.82,28212600,11.653697,5.56,5.61,5.55,5.56,8218590,5.425833,13.23,13.4,13.2,13.39,499954,13.033122,15.27,15.46,15.22,15.4,8389804,15.4,4.1,4.17,4.09,4.12,2679534,4.12,9.51,9.66,9.48,9.65,5279424,8.734088,16.198999,16.433701,16.198999,16.398001,963341,16.125196,28.469999,29.16,28.469999,28.940001,206700,28.940001,18.610001,18.99,18.540001,18.85,3402907,18.549982,8.33,8.39,8.31,8.37,4457001,8.24597,13.5509,13.9103,13.3712,13.8025,8565133,13.565129,14.48,14.84,14.45,14.83,39997780,14.744726,6.88,6.89,6.75,6.86,4958455,6.675182,4.74,4.77,4.71,4.71,6286000,4.71,9.55,9.57,9.47,9.54,941310,9.506004,7.09286,7.12143,6.99286,7.02857,22886914,6.677126,2.72,2.75,2.72,2.74,6552672,2.713302,4.5,4.56428,4.48571,4.5,4139870,4.477013,4.53,4.59,4.53,4.55,3103071,4.485947,4.79,4.94,4.77,4.89,7932785,4.89,12.85,12.98,12.83,12.86,1930780,12.46679,17.719999,18.35,17.719999,18.049999,6173337,18.049999,5.44231,5.46154,5.40385,5.44872,11967853,5.071996
2018/5/22,10.6,10.61,10.47,10.57,9990648,10.541677,109.379997,114.900002,109.25,113.900002,6395962,112.874786,11.94,12.18,11.75,12.12,31361330,11.949476,5.55,5.56,5.48,5.51,16268000,5.377039,13.39,13.52,13.25,13.49,377854,13.130457,15.4,15.41,15.17,15.34,5095807,15.34,4.19,4.19,4.07,4.11,2802522,4.11,9.65,9.65,9.55,9.63,2766672,8.715987,16.316299,16.443899,16.224501,16.3827,546453,16.110149,28.940001,29.26,28.82,29.07,134500,29.07,18.889999,19,18.709999,18.84,2304821,18.54014,8.36,8.37,8.28,8.33,3222539,8.206562,13.7234,13.745,13.5509,13.7306,6024964,13.494467,14.75,14.82,14.57,14.74,29001393,14.655243,6.83,6.93,6.8,6.93,5483800,6.743296,4.7,4.71,4.64,4.68,5190280,4.68,9.63,9.63,9.54,9.63,1158800,9.595683,7.00714,7.02857,6.83571,6.9,20169819,6.554985,2.74,2.79,2.73,2.77,8283836,2.74301,4.49286,4.68571,4.46428,4.63571,11694313,4.612029,4.54,4.57,4.51,4.52,2052900,4.456369,4.87,4.91,4.81,4.88,5985103,4.88,12.9,12.9,12.75,12.89,1434400,12.495874,18.09,18.379999,17.82,18.25,7952784,18.25,5.46154,5.46795,5.39744,5.44231,11179800,5.066029
2018/5/23,10.56,10.63,10.35,10.45,10825486,10.421999,113.889999,117.93,112.599998,116.970001,7420913,115.917152,12.46,12.5,11.82,11.94,27706238,11.772008,5.5,5.57,5.36,5.55,17417527,5.416074,13.52,13.55,13.14,13.18,651755,12.82872,15.3,15.38,15.1,15.17,4945500,15.17,4.09,4.11,4.02,4.04,2181400,4.04,9.61,9.62,9.42,9.47,3236565,8.571173,16.3878,16.8316,16.301001,16.775499,2710331,16.496416,28.51,29.41,28.51,28.76,126831,28.76,18.870001,18.879999,18.43,18.450001,2755186,18.156351,8.32,8.45,8.27,8.28,4466631,8.157304,13.6947,13.6947,13.4862,13.5006,4113645,13.268422,14.73,15.08,14.64,14.79,43709409,14.704957,6.94,6.94,6.76,6.77,4496818,6.587607,4.67,4.7,4.59,4.59,4810800,4.59,9.64,9.68,9.45,9.45,1086600,9.416325,6.91429,6.95,6.82857,6.90714,13002369,6.561768,2.76,2.77,2.72,2.72,6377100,2.693497,4.6,4.7,4.59286,4.62857,7997141,4.604926,4.53,4.54,4.43,4.47,2341685,4.407073,4.89,4.89,4.76,4.77,4567613,4.77,12.88,12.9,12.52,12.59,1909700,12.205047,17.85,19.6,17.75,18.82,15941236,18.82,5.33333,5.625,5.3,5.39167,14837850,5.121439
2018/5/24,10.47,10.77,10.47,10.61,21273515,10.58157,116.949997,118.18,115.93,117.480003,5919853,116.422569,12,12.04,11.56,11.63,23378018,11.466371,5.53,5.57,5.45,5.55,18180703,5.416074,13.18,13.33,13.1,13.22,532401,12.867653,15.21,15.58,15.09,15.24,6522570,15.24,4.05,4.07,4.02,4.03,1794597,4.03,9.45,9.6,9.45,9.54,2834980,8.634528,16.811199,17.0816,16.408199,16.433701,1730946,16.160303,28.52,28.790001,28.52,28.559999,105620,28.559999,18.450001,18.6,18.27,18.290001,2063601,17.998896,8.28,8.32,8.13,8.14,2631545,8.019379,13.5149,13.709,13.5006,13.5653,3853128,13.332009,14.85,14.94,14.42,14.45,34327522,14.366911,6.78,6.78,6.68,6.73,2650237,6.548685,4.57,4.62,4.52,4.53,5440804,4.53,9.41,9.49,9.4,9.45,763501,9.416325,6.87857,6.91429,6.8,6.80714,11236878,6.466768,2.72,2.74,2.71,2.73,5159172,2.7034,4.64286,4.7,4.57857,4.62143,4183914,4.597822,4.47,4.49,4.4,4.42,1597600,4.357777,4.77,4.8,4.71,4.72,3128279,4.72,12.57,12.67,12.53,12.58,828956,12.195353,18.65,19.25,18.42,18.67,10427619,18.67,5.33333,5.35833,5.23333,5.24167,13026580,4.978957
2018/5/25,10.57,10.69,10.4,10.48,16792291,10.451918,116.93,121.510002,115.309998,120.080002,7703716,118.999161,11.74,11.74,11.1,11.27,36863917,11.111436,5.51,5.55,5.48,5.54,9643340,5.406315,13.26,13.32,13.04,13.08,396501,12.731384,15.24,15.27,14.62,14.81,8907202,14.81,4.02,4.04,3.93,3.95,2237500,3.95,9.59,9.59,9.45,9.5,2542596,8.598326,16.433701,16.433701,15.8163,16.051001,1473332,15.78397,28.690001,30.799999,28.48,29.700001,378857,29.700001,18.290001,18.59,18.1,18.379999,3137181,18.087461,8.13,8.17,8.05,8.09,2559450,7.970119,13.5509,13.7594,13.2561,13.3137,5333263,13.084736,14.4,14.51,14.01,14.02,36470679,13.939384,6.74,6.81,6.73,6.76,2753459,6.577877,4.52,4.59,4.45,4.47,4944320,4.47,9.39,9.44,9.38,9.42,896400,9.386432,6.78571,6.92857,6.78571,6.87143,11933544,6.527843,2.73,2.73,2.68,2.69,5146100,2.66379,4.65714,4.67143,4.49286,4.50714,4234459,4.484117,4.42,4.43,4.36,4.38,2005300,4.31834,4.71,4.74,4.65,4.67,2429900,4.67,12.52,12.64,12.33,12.36,1250200,11.982079,18.4,18.67,17.83,17.91,7198176,17.91,5.25,5.25,5.125,5.14167,8865756,4.883969
2018/5/28,10.4,10.4,10.08,10.09,17821714,10.062963,120.07,131.979996,119,129.820007,11994443,128.651505,11.28,11.53,11.26,11.4,24899787,11.239606,5.51,5.52,5.47,5.51,8368987,5.377039,13.08,13.09,12.8,12.82,430604,12.478314,14.84,14.94,14.58,14.65,5056770,14.65,3.94,3.96,3.91,3.91,1867500,3.91,9.55,9.63,9.45,9.58,2677775,8.670732,15.9949,16.198999,15.7398,15.7653,1074834,15.503021,29.83,30.190001,28.629999,28.75,316189,28.75,18.379999,18.389999,17.709999,17.84,3716242,17.556057,8.1,8.15,7.99,8.05,2503330,7.930712,13.3137,13.364,13.0477,13.2633,3173051,13.035203,14.02,14.1,13.7,13.73,28911209,13.651051,6.76,6.77,6.6,6.63,3741185,6.451379,4.45,4.49,4.38,4.39,4906841,4.39,9.41,9.58,9.32,9.53,1454048,9.496039,6.82857,6.9,6.79286,6.79286,9625007,6.453202,2.69,2.69,2.62,2.65,6053900,2.624179,4.5,4.58571,4.43571,4.47143,4046462,4.448588,4.34,4.38,4.32,4.34,1867550,4.278903,4.67,4.74,4.6,4.61,2705034,4.61,12.36,12.45,12.07,12.13,1328100,11.759112,17.99,18,16.6,16.68,6471099,16.68,5.15,5.175,5.06667,5.16667,8513437,4.907716
2018/5/29,10.1,10.21,9.86,9.92,12828766,9.893419,128.5,131.899994,116.839996,116.839996,21579803,115.788315,11.38,11.49,10.88,11.03,28552307,10.874812,5.5,5.51,5.44,5.5,12050154,5.36728,12.86,12.92,12.66,12.68,347100,12.342046,14.77,14.87,14.56,14.62,3931284,14.62,3.91,3.95,3.91,3.92,1920622,3.92,9.54,9.6,9.33,9.44,3729947,8.54402,15.7755,15.8418,15.2398,15.3469,1816947,15.091582,28.450001,28.549999,27.799999,28.040001,227561,28.040001,17.860001,18.040001,17.75,17.870001,1756501,17.585581,8.05,8.11,7.98,8,2141658,7.881453,13.2705,13.3352,13.0836,13.1411,2614657,12.915104,13.73,13.97,13.6,13.76,21295758,13.680879,6.61,6.71,6.58,6.6,2507482,6.422187,4.37,4.44,4.36,4.41,2514600,4.41,9.53,9.65,9.4,9.57,1540200,9.535897,6.78571,6.78571,6.48571,6.75,32158254,6.412486,2.66,2.68,2.63,2.64,4827120,2.614277,4.42143,4.50714,4.41429,4.45714,3385200,4.434371,4.33,4.35,4.3,4.33,1817043,4.269043,4.61,4.64,4.52,4.54,3591352,4.54,12.17,12.7,12.17,12.25,1327500,11.875443,16.5,17.1,16.5,16.66,3933315,16.66,5.15,5.2,5.08333,5.09167,11276124,4.836475
